incident_id,date,lat,lng,type
C-0,2023-09-12,32.3694,-86.28259,theft
C-1,2024-04-29,32.38347,-86.31976,theft
C-2,2024-05-11,32.39577,-86.28943,theft
C-3,2024-01-28,32.32136,-86.28172,theft
C-4,2024-10-29,32.36366,-86.29158,theft
C-5,2024-07-24,32.36623,-86.30012,theft
C-6,2024-04-17,32.37739,-86.30368,theft
C-7,2023-09-28,32.35794,-86.26806,theft
C-8,2024-04-29,32.32717,-86.25705,theft
C-9,2023-12-13,32.39894,-86.31002,theft
C-10,2023-04-22,32.33284,-86.2754,theft
C-11,2024-04-23,32.39058,-86.28847,theft
C-12,2024-07-27,32.35787,-86.30816,theft
C-13,2024-09-05,32.36292,-86.25916,theft
C-14,2023-11-18,32.32372,-86.25501,theft
C-15,2024-03-12,32.33489,-86.29806,theft
C-16,2023-01-01,32.35584,-86.26789,theft
C-17,2023-03-28,32.32516,-86.29521,theft
C-18,2023-08-07,32.32555,-86.28011,theft
C-19,2023-10-03,32.37547,-86.29608,theft
C-20,2023-03-02,32.35896,-86.26377,theft
C-21,2023-11-09,32.39788,-86.25157,theft
C-22,2024-10-30,32.38794,-86.29787,theft
C-23,2023-02-06,32.36132,-86.28378,theft
C-24,2023-02-20,32.36919,-86.2908,theft
C-25,2023-12-06,32.32092,-86.281,theft
C-26,2024-12-22,32.39176,-86.31128,theft
C-27,2024-05-13,32.33438,-86.30175,theft
C-28,2024-03-25,32.36859,-86.2675,theft
C-29,2023-04-13,32.35487,-86.27549,theft
C-30,2024-09-14,32.36112,-86.26337,theft
C-31,2023-05-31,32.38692,-86.26659,theft
C-32,2024-05-24,32.38511,-86.28206,theft
C-33,2024-10-14,32.33842,-86.2959,theft
C-34,2023-09-11,32.34232,-86.28569,theft
C-35,2024-07-19,32.39191,-86.3082,theft
C-36,2024-02-08,32.39007,-86.31433,theft
C-37,2023-04-06,32.37019,-86.27097,theft
C-38,2024-01-15,32.38031,-86.26963,theft
C-39,2024-05-07,32.35166,-86.27883,theft
C-40,2024-08-13,32.38164,-86.25901,theft
C-41,2024-03-03,32.37306,-86.25268,theft
C-42,2023-05-31,32.34426,-86.27445,theft
C-43,2024-09-18,32.32818,-86.26072,theft
C-44,2023-06-09,32.35603,-86.31709,theft
C-45,2024-02-05,32.38481,-86.31627,theft
C-46,2023-10-17,32.3936,-86.28404,theft
C-47,2023-04-05,32.38423,-86.2835,theft
C-48,2023-10-19,32.39562,-86.31971,theft
C-49,2024-10-20,32.32466,-86.31618,theft
C-50,2024-03-01,32.33645,-86.26486,theft
C-51,2023-05-01,32.32237,-86.27835,theft
C-52,2024-11-13,32.3477,-86.29077,theft
C-53,2024-11-23,32.33968,-86.2603,theft
C-54,2023-05-15,32.39429,-86.25896,theft
C-55,2023-09-17,32.39445,-86.26433,theft
C-56,2023-08-26,32.35632,-86.31446,theft
C-57,2024-12-12,32.39204,-86.28451,theft
C-58,2024-11-25,32.35067,-86.28046,theft
C-59,2023-12-19,32.35949,-86.28174,theft
C-60,2024-03-21,32.35355,-86.26821,theft
C-61,2023-02-25,32.32644,-86.31369,theft
C-62,2024-05-08,32.3295,-86.31776,theft
C-63,2023-06-26,32.37337,-86.28196,theft
C-64,2024-02-28,32.33362,-86.31647,theft
C-65,2024-06-24,32.37801,-86.29402,theft
C-66,2024-04-08,32.37038,-86.27024,theft
C-67,2024-12-19,32.34433,-86.31106,theft
C-68,2024-10-31,32.33718,-86.29764,theft
C-69,2023-05-13,32.38834,-86.28783,theft
C-70,2024-11-19,32.32984,-86.29436,theft
C-71,2024-04-13,32.36088,-86.25732,theft
C-72,2024-03-21,32.38812,-86.28386,theft
C-73,2024-10-16,32.33685,-86.28488,theft
C-74,2024-11-12,32.39439,-86.25648,theft
C-75,2023-02-22,32.3847,-86.3093,theft
C-76,2023-01-12,32.34684,-86.27133,theft
C-77,2024-01-24,32.36901,-86.2921,theft
C-78,2023-04-08,32.37775,-86.25709,theft
C-79,2024-10-23,32.32716,-86.28518,theft
C-80,2023-10-03,32.3831,-86.25582,theft
C-81,2023-07-13,32.34043,-86.25196,theft
C-82,2024-09-20,32.36419,-86.30102,theft
C-83,2024-11-27,32.33448,-86.30419,theft
C-84,2024-12-19,32.32685,-86.25615,theft
C-85,2024-11-15,32.35364,-86.3107,theft
C-86,2024-03-22,32.3359,-86.27011,theft
C-87,2024-10-09,32.38879,-86.29349,theft
C-88,2023-02-22,32.33534,-86.30793,theft
C-89,2024-11-26,32.33921,-86.29217,theft
C-90,2023-09-16,32.39228,-86.28669,theft
C-91,2023-10-07,32.3313,-86.2739,theft
C-92,2023-07-16,32.37779,-86.27118,theft
C-93,2024-01-12,32.33078,-86.28671,theft
C-94,2024-10-19,32.39812,-86.2939,theft
C-95,2024-11-02,32.39787,-86.29913,theft
C-96,2023-02-06,32.39617,-86.29719,theft
C-97,2024-07-28,32.33206,-86.29444,theft
C-98,2024-07-02,32.34682,-86.29514,theft
C-99,2024-09-28,32.332,-86.29574,theft
C-100,2023-08-19,32.35923,-86.2891,theft
C-101,2024-01-11,32.32068,-86.28411,theft
C-102,2024-09-25,32.35901,-86.29477,theft
C-103,2024-04-11,32.32593,-86.27021,theft
C-104,2023-11-16,32.36601,-86.31233,theft
C-105,2023-04-26,32.35761,-86.27317,theft
C-106,2023-02-08,32.393,-86.31766,theft
C-107,2024-01-30,32.39689,-86.28892,theft
C-108,2024-12-31,32.38498,-86.30125,theft
C-109,2023-12-07,32.32902,-86.27462,theft
C-110,2024-12-03,32.34321,-86.28561,theft
C-111,2023-07-29,32.35125,-86.31177,theft
C-112,2024-11-03,32.38525,-86.3135,theft
C-113,2023-03-22,32.35401,-86.2526,theft
C-114,2024-09-27,32.37968,-86.29777,theft
C-115,2023-09-30,32.38099,-86.29257,theft
C-116,2023-01-04,32.3905,-86.26276,theft
C-117,2024-05-19,32.32251,-86.28468,theft
C-118,2023-07-15,32.38947,-86.26244,theft
C-119,2023-08-13,32.38543,-86.29891,theft
C-120,2023-10-13,32.34371,-86.28397,theft
C-121,2024-12-13,32.3821,-86.31665,theft
C-122,2023-02-28,32.35105,-86.29974,theft
C-123,2024-06-24,32.36085,-86.25145,theft
C-124,2024-11-04,32.3674,-86.28059,theft
C-125,2023-02-05,32.35941,-86.28452,theft
C-126,2024-11-04,32.34626,-86.31672,theft
C-127,2024-10-17,32.35616,-86.28229,theft
C-128,2024-08-16,32.37532,-86.31192,theft
C-129,2024-08-29,32.34155,-86.28536,theft
C-130,2023-04-04,32.38729,-86.29061,theft
C-131,2023-07-04,32.38563,-86.29328,theft
C-132,2024-05-30,32.38888,-86.25881,theft
C-133,2024-10-18,32.36774,-86.29777,theft
C-134,2023-09-01,32.36764,-86.28262,theft
C-135,2023-04-06,32.37371,-86.25546,theft
C-136,2023-03-19,32.36324,-86.30872,theft
C-137,2023-02-04,32.3776,-86.27006,theft
C-138,2024-08-05,32.37378,-86.25283,theft
C-139,2023-11-17,32.37721,-86.31144,theft
C-140,2024-04-09,32.3874,-86.31852,theft
C-141,2023-10-14,32.39048,-86.26024,theft
C-142,2023-07-11,32.3813,-86.29428,theft
C-143,2023-06-20,32.34484,-86.25299,theft
C-144,2023-09-27,32.39505,-86.29922,theft
C-145,2024-02-22,32.37581,-86.29488,theft
C-146,2023-06-25,32.34928,-86.27242,theft
C-147,2024-06-06,32.32897,-86.30625,theft
C-148,2024-03-23,32.38827,-86.31088,theft
C-149,2023-10-30,32.37096,-86.2508,theft
C-150,2023-05-16,32.35799,-86.30363,theft
C-151,2023-11-07,32.34971,-86.28293,theft
C-152,2023-01-03,32.34044,-86.31935,theft
C-153,2024-12-12,32.37732,-86.26381,theft
C-154,2024-01-22,32.33153,-86.30258,theft
C-155,2023-06-25,32.32734,-86.25638,theft
C-156,2023-06-21,32.36306,-86.30534,theft
C-157,2024-10-18,32.32645,-86.30872,theft
C-158,2024-01-13,32.37227,-86.3156,theft
C-159,2024-07-25,32.36017,-86.29683,theft
C-160,2024-07-23,32.38164,-86.30602,theft
C-161,2024-06-27,32.35639,-86.26426,theft
C-162,2023-04-24,32.35344,-86.26215,theft
C-163,2024-05-25,32.38892,-86.27473,theft
C-164,2024-03-02,32.34864,-86.31729,theft
C-165,2023-11-13,32.35297,-86.26687,theft
C-166,2023-07-26,32.3814,-86.3005,theft
C-167,2024-02-02,32.34271,-86.27443,theft
C-168,2024-01-17,32.3667,-86.30285,theft
C-169,2024-09-18,32.32602,-86.27977,theft
C-170,2023-07-21,32.33769,-86.26534,theft
C-171,2023-01-15,32.32855,-86.25353,theft
C-172,2023-08-09,32.38441,-86.25678,theft
C-173,2023-03-24,32.38981,-86.30813,theft
C-174,2024-03-01,32.38035,-86.30287,theft
C-175,2024-11-23,32.36624,-86.28359,theft
C-176,2024-05-12,32.33471,-86.27522,theft
C-177,2024-09-05,32.34539,-86.3196,theft
C-178,2023-05-28,32.35134,-86.25014,theft
C-179,2023-12-28,32.38607,-86.26462,theft
C-180,2023-11-12,32.37456,-86.29015,theft
C-181,2023-06-24,32.3265,-86.30909,theft
C-182,2024-01-22,32.39304,-86.29264,theft
C-183,2023-08-23,32.32278,-86.29009,theft
C-184,2024-10-22,32.34017,-86.26809,theft
C-185,2024-11-14,32.325,-86.26788,theft
C-186,2024-04-12,32.38813,-86.26366,theft
C-187,2024-06-11,32.3666,-86.25147,theft
C-188,2023-04-09,32.35488,-86.29583,theft
C-189,2023-01-17,32.32988,-86.26319,theft
C-190,2024-01-13,32.34941,-86.25011,theft
C-191,2024-05-20,32.39206,-86.29511,theft
C-192,2024-11-18,32.34,-86.26947,theft
C-193,2023-06-02,32.36666,-86.30508,theft
C-194,2024-03-27,32.39925,-86.31141,theft
C-195,2024-04-29,32.34534,-86.263,theft
C-196,2024-04-22,32.3413,-86.29879,theft
C-197,2024-12-16,32.33077,-86.25723,theft
C-198,2023-06-12,32.39336,-86.27088,theft
C-199,2024-07-16,32.3384,-86.31188,theft
C-200,2023-10-11,32.32664,-86.28441,theft
C-201,2024-07-09,32.34241,-86.28075,theft
C-202,2023-04-17,32.39265,-86.2799,theft
C-203,2024-07-04,32.3671,-86.2697,theft
C-204,2024-06-11,32.37646,-86.28774,theft
C-205,2024-04-24,32.38728,-86.29814,theft
C-206,2023-07-22,32.39034,-86.25694,theft
C-207,2024-06-21,32.36064,-86.30857,theft
C-208,2024-03-11,32.39204,-86.31874,theft
C-209,2024-02-21,32.3451,-86.3197,theft
C-210,2024-07-20,32.34159,-86.29298,theft
C-211,2024-04-08,32.35374,-86.25957,theft
C-212,2023-04-20,32.3814,-86.29709,theft
C-213,2023-05-14,32.34372,-86.30219,theft
C-214,2024-05-14,32.36646,-86.27138,theft
C-215,2024-07-30,32.39913,-86.30025,theft
C-216,2023-10-31,32.37546,-86.29531,theft
C-217,2024-09-30,32.32951,-86.27213,theft
C-218,2023-12-15,32.38506,-86.27722,theft
C-219,2024-10-03,32.33865,-86.30902,theft
C-220,2024-10-23,32.34303,-86.29342,theft
C-221,2024-10-31,32.37673,-86.27139,theft
C-222,2024-12-10,32.35443,-86.25283,theft
C-223,2023-08-10,32.39635,-86.25827,theft
C-224,2023-12-06,32.38963,-86.2833,theft
C-225,2024-09-30,32.3886,-86.26522,theft
C-226,2023-03-16,32.33034,-86.26239,theft
C-227,2024-04-22,32.32178,-86.26869,theft
C-228,2023-12-25,32.36673,-86.29686,theft
C-229,2023-04-09,32.33856,-86.29658,theft
C-230,2024-03-05,32.35,-86.2978,theft
C-231,2023-10-10,32.36535,-86.28305,theft
C-232,2024-04-06,32.39454,-86.26507,theft
C-233,2024-08-14,32.39529,-86.26476,theft
C-234,2024-01-24,32.32079,-86.26591,theft
C-235,2024-01-19,32.38598,-86.25709,theft
C-236,2023-08-27,32.39718,-86.3144,theft
C-237,2023-01-12,32.32956,-86.28556,theft
C-238,2024-07-14,32.34262,-86.2511,theft
C-239,2024-03-26,32.38916,-86.25204,theft
C-240,2023-10-20,32.37142,-86.25879,theft
C-241,2024-12-28,32.32388,-86.26544,theft
C-242,2023-01-19,32.38587,-86.29032,theft
C-243,2023-03-05,32.32284,-86.31152,theft
C-244,2024-05-08,32.36387,-86.29821,theft
C-245,2024-10-19,32.32613,-86.31094,theft
C-246,2024-09-04,32.32524,-86.25421,theft
C-247,2024-07-20,32.39747,-86.30583,theft
C-248,2024-06-19,32.33403,-86.26342,theft
C-249,2024-03-16,32.36231,-86.29822,theft
C-250,2024-05-22,32.33726,-86.2728,theft
C-251,2023-10-02,32.38674,-86.29964,theft
C-252,2024-11-10,32.39832,-86.30431,theft
C-253,2024-12-30,32.33666,-86.26334,theft
C-254,2024-02-12,32.342,-86.30771,theft
C-255,2023-05-03,32.37684,-86.2894,theft
C-256,2024-11-04,32.36214,-86.29973,theft
C-257,2023-05-12,32.33462,-86.31893,theft
C-258,2024-05-02,32.37465,-86.28035,theft
C-259,2024-10-01,32.32995,-86.25819,theft
C-260,2023-06-09,32.32564,-86.27089,theft
C-261,2024-03-23,32.32466,-86.29112,theft
C-262,2024-11-19,32.3237,-86.26629,theft
C-263,2024-04-28,32.39215,-86.27371,theft
C-264,2023-06-16,32.34531,-86.31271,theft
C-265,2024-08-12,32.35614,-86.27035,theft
C-266,2023-01-22,32.33676,-86.26792,theft
C-267,2023-08-06,32.34254,-86.27446,theft
C-268,2023-04-13,32.38276,-86.29417,theft
C-269,2023-01-31,32.39285,-86.26626,theft
C-270,2024-10-20,32.34304,-86.27144,theft
C-271,2023-08-07,32.36368,-86.28423,theft
C-272,2024-05-22,32.37068,-86.28371,theft
C-273,2024-04-26,32.35171,-86.26782,theft
C-274,2024-05-01,32.35339,-86.27021,theft
C-275,2024-04-13,32.35369,-86.31141,theft
C-276,2024-07-18,32.39697,-86.31997,theft
C-277,2023-10-30,32.35059,-86.30382,theft
C-278,2024-08-27,32.32265,-86.31954,theft
C-279,2024-03-11,32.3256,-86.29543,theft
C-280,2024-12-22,32.39413,-86.2749,theft
C-281,2024-04-05,32.34586,-86.29934,theft
C-282,2023-04-24,32.39695,-86.2974,theft
C-283,2023-03-12,32.35336,-86.26014,theft
C-284,2024-11-13,32.32911,-86.25779,theft
C-285,2024-03-25,32.35051,-86.30039,theft
C-286,2024-08-31,32.34441,-86.29607,theft
C-287,2023-04-24,32.39001,-86.25333,theft
C-288,2023-12-30,32.39456,-86.29902,theft
C-289,2024-08-31,32.3922,-86.2717,theft
C-290,2024-07-27,32.36328,-86.28925,theft
C-291,2023-04-07,32.3981,-86.2864,theft
C-292,2024-09-25,32.39574,-86.2646,theft
C-293,2024-09-14,32.35147,-86.27606,theft
C-294,2023-01-01,32.37455,-86.28046,theft
C-295,2023-04-10,32.38293,-86.28887,theft
C-296,2023-04-22,32.35184,-86.31817,theft
C-297,2024-09-14,32.36306,-86.28873,theft
C-298,2023-06-30,32.349,-86.28902,theft
C-299,2023-04-13,32.32123,-86.3122,theft
C-300,2024-02-21,32.3937,-86.27728,theft
C-301,2023-08-13,32.35316,-86.31197,theft
C-302,2023-01-10,32.32695,-86.26666,theft
C-303,2023-05-17,32.33669,-86.29321,theft
C-304,2024-02-11,32.34632,-86.28633,theft
C-305,2023-06-07,32.33668,-86.31688,theft
C-306,2024-09-24,32.39075,-86.25289,theft
C-307,2023-08-29,32.36019,-86.30062,theft
C-308,2023-04-17,32.36708,-86.29075,theft
C-309,2023-08-28,32.39782,-86.28826,theft
C-310,2024-03-02,32.3255,-86.2758,theft
C-311,2023-12-07,32.33657,-86.31615,theft
C-312,2024-11-14,32.35238,-86.26056,theft
C-313,2023-09-20,32.3731,-86.25335,theft
C-314,2024-07-10,32.3276,-86.29486,theft
C-315,2024-02-19,32.33656,-86.31777,theft
C-316,2024-11-28,32.38448,-86.30516,theft
C-317,2023-01-28,32.33014,-86.25173,theft
C-318,2024-06-03,32.32444,-86.29057,theft
C-319,2023-03-05,32.35849,-86.29586,theft
C-320,2023-10-04,32.34916,-86.25995,theft
C-321,2024-11-07,32.32463,-86.30164,theft
C-322,2023-09-14,32.39475,-86.28484,theft
C-323,2023-10-24,32.34999,-86.26079,theft
C-324,2024-03-03,32.3427,-86.29543,theft
C-325,2024-04-22,32.39403,-86.31027,theft
C-326,2024-08-25,32.36051,-86.30302,theft
C-327,2023-02-13,32.36027,-86.30254,theft
C-328,2024-04-04,32.33223,-86.29533,theft
C-329,2023-04-29,32.33988,-86.31787,theft
C-330,2023-01-14,32.36336,-86.28249,theft
C-331,2024-09-06,32.32072,-86.25515,theft
C-332,2024-07-13,32.39902,-86.31859,theft
C-333,2023-07-15,32.36466,-86.27913,theft
C-334,2024-05-01,32.37666,-86.31817,theft
C-335,2024-05-20,32.34817,-86.30675,theft
C-336,2024-01-25,32.32173,-86.31234,theft
C-337,2023-07-15,32.39026,-86.2775,theft
C-338,2023-10-30,32.33882,-86.25167,theft
C-339,2024-12-08,32.37226,-86.30603,theft
C-340,2024-06-30,32.35985,-86.29373,theft
C-341,2023-02-11,32.32151,-86.28574,theft
C-342,2024-10-08,32.32293,-86.30557,theft
C-343,2024-06-12,32.35976,-86.29587,theft
C-344,2023-11-22,32.37869,-86.28168,theft
C-345,2024-12-24,32.3243,-86.27699,theft
C-346,2024-12-22,32.37882,-86.25566,theft
C-347,2024-04-23,32.33601,-86.29979,theft
C-348,2024-05-14,32.3314,-86.26176,theft
C-349,2023-01-19,32.39651,-86.25562,theft
C-350,2023-01-02,32.35437,-86.2834,theft
C-351,2023-07-05,32.35167,-86.277,theft
C-352,2024-04-23,32.37456,-86.26956,theft
C-353,2023-10-18,32.35856,-86.25056,theft
C-354,2024-09-08,32.3854,-86.25293,theft
C-355,2024-12-19,32.32221,-86.27234,theft
C-356,2023-05-31,32.33161,-86.26921,theft
C-357,2023-01-28,32.32763,-86.28065,theft
C-358,2023-01-30,32.32892,-86.30373,theft
C-359,2024-02-12,32.36487,-86.2833,theft
C-360,2023-07-01,32.39724,-86.30954,theft
C-361,2023-09-25,32.38633,-86.2961,theft
C-362,2023-12-16,32.37638,-86.26794,theft
C-363,2024-09-23,32.35891,-86.25585,theft
C-364,2023-09-09,32.32157,-86.25785,theft
C-365,2024-05-11,32.37305,-86.25079,theft
C-366,2024-08-03,32.34604,-86.27364,theft
C-367,2023-01-08,32.32663,-86.28654,theft
C-368,2024-01-02,32.35055,-86.27686,theft
C-369,2024-08-23,32.34342,-86.26741,theft
C-370,2024-01-09,32.34936,-86.25356,theft
C-371,2024-09-14,32.34237,-86.31976,theft
C-372,2023-04-09,32.34582,-86.25233,theft
C-373,2023-09-28,32.34724,-86.31557,theft
C-374,2024-04-15,32.33724,-86.31458,theft
C-375,2024-10-24,32.3423,-86.25253,theft
C-376,2023-12-04,32.37636,-86.28163,theft
C-377,2023-12-11,32.38784,-86.28388,theft
C-378,2024-06-11,32.33112,-86.26034,theft
C-379,2023-09-24,32.39469,-86.28346,theft
C-380,2023-05-14,32.39106,-86.31318,theft
C-381,2024-06-03,32.35651,-86.30833,theft
C-382,2024-07-12,32.39114,-86.25616,theft
C-383,2023-01-08,32.39746,-86.25389,theft
C-384,2024-08-18,32.3828,-86.31279,theft
C-385,2023-10-08,32.37815,-86.26753,theft
C-386,2023-12-06,32.35899,-86.30972,theft
C-387,2024-08-01,32.34659,-86.27741,theft
C-388,2024-07-26,32.36469,-86.28384,theft
C-389,2024-03-02,32.38117,-86.29823,theft
C-390,2024-10-09,32.34597,-86.29781,theft
C-391,2023-03-09,32.39865,-86.25518,theft
C-392,2023-05-15,32.35486,-86.31965,theft
C-393,2023-03-26,32.37251,-86.30606,theft
C-394,2024-02-14,32.34913,-86.29329,theft
C-395,2024-03-06,32.38435,-86.28715,theft
C-396,2023-03-18,32.33284,-86.27569,theft
C-397,2023-11-12,32.36211,-86.31168,theft
C-398,2023-05-08,32.37921,-86.29627,theft
C-399,2023-07-03,32.36962,-86.28306,theft
C-400,2023-05-29,32.34476,-86.31579,theft
C-401,2024-03-27,32.34829,-86.29917,theft
C-402,2024-02-17,32.39986,-86.29079,theft
C-403,2023-04-29,32.36107,-86.29212,theft
C-404,2024-02-04,32.33359,-86.26814,theft
C-405,2023-03-17,32.3825,-86.25096,theft
C-406,2023-08-12,32.34134,-86.28232,theft
C-407,2024-01-20,32.37211,-86.30977,theft
C-408,2023-04-06,32.3674,-86.30289,theft
C-409,2023-10-03,32.32271,-86.31793,theft
C-410,2023-08-20,32.38326,-86.30579,theft
C-411,2024-07-04,32.32258,-86.31469,theft
C-412,2024-09-26,32.38296,-86.29852,theft
C-413,2024-11-15,32.37812,-86.3028,theft
C-414,2023-04-13,32.39963,-86.30873,theft
C-415,2024-06-16,32.37929,-86.26048,theft
C-416,2023-03-26,32.33096,-86.31967,theft
C-417,2023-05-23,32.39031,-86.25406,theft
C-418,2023-05-27,32.33701,-86.26749,theft
C-419,2023-09-04,32.38368,-86.26464,theft
C-420,2024-02-16,32.37378,-86.31945,theft
C-421,2023-05-24,32.34838,-86.29456,theft
C-422,2023-01-29,32.37794,-86.28086,theft
C-423,2024-08-24,32.38718,-86.29043,theft
C-424,2024-12-17,32.33671,-86.30432,theft
C-425,2024-07-20,32.34022,-86.27469,theft
C-426,2024-03-12,32.39406,-86.27929,theft
C-427,2024-05-10,32.32614,-86.25057,theft
C-428,2024-01-17,32.32935,-86.25057,theft
C-429,2024-04-10,32.39722,-86.25912,theft
C-430,2023-08-21,32.37675,-86.25186,theft
C-431,2023-08-15,32.37494,-86.30189,theft
C-432,2024-01-31,32.34297,-86.3184,theft
C-433,2023-02-21,32.39843,-86.28691,theft
C-434,2024-12-13,32.33904,-86.25308,theft
C-435,2023-10-05,32.32973,-86.2804,theft
C-436,2023-11-11,32.32773,-86.27989,theft
C-437,2023-05-11,32.34537,-86.28452,theft
C-438,2024-05-27,32.39348,-86.29132,theft
C-439,2023-06-09,32.36547,-86.28381,theft
C-440,2023-08-21,32.36195,-86.27708,theft
C-441,2024-09-22,32.36543,-86.25425,theft
C-442,2024-03-03,32.39964,-86.31709,theft
C-443,2024-05-13,32.36421,-86.26053,theft
C-444,2024-09-07,32.39103,-86.28247,theft
C-445,2023-03-04,32.37334,-86.2807,theft
C-446,2023-05-10,32.38987,-86.26748,theft
C-447,2023-02-23,32.38547,-86.30601,theft
C-448,2023-05-19,32.39675,-86.31212,theft
C-449,2024-02-04,32.34029,-86.28694,theft
C-450,2023-11-21,32.39111,-86.30412,theft
C-451,2023-08-21,32.33633,-86.26878,theft
C-452,2024-08-10,32.38363,-86.27415,theft
C-453,2024-08-02,32.38497,-86.31078,theft
C-454,2023-09-01,32.34273,-86.25763,theft
C-455,2023-02-08,32.38941,-86.25899,theft
C-456,2024-03-21,32.33554,-86.30989,theft
C-457,2023-03-06,32.35402,-86.2722,theft
C-458,2024-12-02,32.38579,-86.27589,theft
C-459,2024-06-06,32.36527,-86.29687,theft
C-460,2024-08-25,32.33747,-86.27282,theft
C-461,2023-03-30,32.38176,-86.25876,theft
C-462,2023-03-29,32.38183,-86.31029,theft
C-463,2023-02-25,32.32223,-86.27817,theft
C-464,2024-03-20,32.33674,-86.25642,theft
C-465,2023-06-26,32.36684,-86.27558,theft
C-466,2024-04-04,32.34929,-86.28984,theft
C-467,2024-12-28,32.34255,-86.2693,theft
C-468,2024-02-03,32.39847,-86.27925,theft
C-469,2024-12-17,32.36677,-86.3123,theft
C-470,2023-04-27,32.36108,-86.30377,theft
C-471,2024-09-19,32.33653,-86.27662,theft
C-472,2024-07-15,32.3692,-86.3134,theft
C-473,2024-09-05,32.34618,-86.31545,theft
C-474,2023-12-29,32.3818,-86.26336,theft
C-475,2023-12-30,32.3242,-86.29664,theft
C-476,2024-02-19,32.3242,-86.25542,theft
C-477,2023-04-22,32.3263,-86.26093,theft
C-478,2023-01-08,32.36447,-86.30266,theft
C-479,2024-03-14,32.38898,-86.27423,theft
C-480,2023-04-29,32.36762,-86.27724,theft
C-481,2024-07-26,32.37518,-86.29124,theft
C-482,2023-12-30,32.35839,-86.30975,theft
C-483,2023-06-25,32.39212,-86.29057,theft
C-484,2023-02-13,32.35342,-86.30003,theft
C-485,2023-03-09,32.39666,-86.28251,theft
C-486,2023-02-13,32.37291,-86.25546,theft
C-487,2024-11-22,32.35524,-86.31966,theft
C-488,2024-04-20,32.36608,-86.29628,theft
C-489,2023-11-21,32.37547,-86.29895,theft
C-490,2023-09-20,32.36564,-86.30357,theft
C-491,2023-08-06,32.38308,-86.30302,theft
C-492,2024-08-30,32.32274,-86.26474,theft
C-493,2024-10-16,32.33422,-86.25977,theft
C-494,2023-01-08,32.35576,-86.26654,theft
C-495,2023-11-15,32.38664,-86.26259,theft
C-496,2023-10-22,32.37444,-86.30427,theft
C-497,2024-10-18,32.36901,-86.27452,theft
C-498,2023-07-13,32.39347,-86.26163,theft
C-499,2023-08-26,32.36029,-86.28094,theft
C-500,2023-12-16,32.38075,-86.28148,theft
C-501,2023-03-10,32.38367,-86.29095,theft
C-502,2024-11-03,32.38898,-86.30731,theft
C-503,2023-09-30,32.347,-86.30952,theft
C-504,2024-08-17,32.39513,-86.27346,theft
C-505,2024-07-24,32.38826,-86.28011,theft
C-506,2023-04-06,32.37898,-86.29808,theft
C-507,2024-01-07,32.33708,-86.2709,theft
C-508,2024-07-17,32.35916,-86.29833,theft
C-509,2024-11-09,32.34584,-86.30166,theft
C-510,2024-10-24,32.33514,-86.28599,theft
C-511,2023-08-23,32.34546,-86.29264,theft
C-512,2024-01-24,32.36189,-86.25481,theft
C-513,2024-02-02,32.35206,-86.27901,theft
C-514,2024-07-23,32.35657,-86.28276,theft
C-515,2024-01-25,32.35745,-86.31115,theft
C-516,2023-02-20,32.3728,-86.25803,theft
C-517,2023-08-16,32.33794,-86.26322,theft
C-518,2024-08-15,32.33904,-86.27343,theft
C-519,2023-04-16,32.35599,-86.28899,theft
C-520,2024-03-04,32.34428,-86.3032,theft
C-521,2023-04-12,32.39244,-86.28035,theft
C-522,2023-02-24,32.32861,-86.26901,theft
C-523,2024-07-17,32.33759,-86.29879,theft
C-524,2023-04-23,32.38914,-86.30794,theft
C-525,2024-01-13,32.32561,-86.31608,theft
C-526,2024-04-09,32.37957,-86.25028,theft
C-527,2024-04-18,32.32262,-86.31346,theft
C-528,2024-09-27,32.3689,-86.2974,theft
C-529,2023-01-17,32.33275,-86.25208,theft
C-530,2023-11-05,32.3296,-86.28716,theft
C-531,2023-04-06,32.34119,-86.26601,theft
C-532,2024-03-02,32.33123,-86.29564,theft
C-533,2024-03-04,32.37203,-86.29642,theft
C-534,2023-09-20,32.32056,-86.28974,theft
C-535,2023-03-13,32.35362,-86.31117,theft
C-536,2023-07-20,32.3827,-86.26099,theft
C-537,2023-12-14,32.33717,-86.30191,theft
C-538,2024-11-19,32.35462,-86.25808,theft
C-539,2024-01-18,32.36792,-86.25325,theft
C-540,2023-01-31,32.38857,-86.31756,theft
C-541,2024-01-19,32.36336,-86.28617,theft
C-542,2023-01-06,32.33203,-86.29934,theft
C-543,2024-01-09,32.37964,-86.27043,theft
C-544,2023-11-11,32.37699,-86.30523,theft
C-545,2024-03-15,32.34928,-86.31606,theft
C-546,2023-07-10,32.33538,-86.30794,theft
C-547,2023-03-09,32.35664,-86.25606,theft
C-548,2024-08-13,32.37642,-86.30968,theft
C-549,2023-10-12,32.34973,-86.30529,theft
C-550,2024-05-28,32.36876,-86.25661,theft
C-551,2024-10-04,32.39028,-86.31935,theft
C-552,2023-11-04,32.32948,-86.2879,theft
C-553,2024-11-27,32.33992,-86.29918,theft
C-554,2023-09-22,32.37583,-86.30063,theft
C-555,2023-01-23,32.36613,-86.28921,theft
C-556,2024-07-16,32.35202,-86.31477,theft
C-557,2024-01-20,32.37102,-86.25473,theft
C-558,2024-08-03,32.35885,-86.27804,theft
C-559,2023-09-07,32.33433,-86.27654,theft
C-560,2023-08-30,32.32457,-86.2834,theft
C-561,2024-04-28,32.38259,-86.27108,theft
C-562,2023-10-12,32.38107,-86.28597,theft
C-563,2023-03-08,32.35808,-86.27114,theft
C-564,2023-10-18,32.34122,-86.30331,theft
C-565,2024-10-27,32.36015,-86.26087,theft
C-566,2023-07-16,32.3807,-86.28347,theft
C-567,2023-08-20,32.36654,-86.27419,theft
C-568,2023-04-14,32.34419,-86.31236,theft
C-569,2023-07-16,32.32127,-86.27769,theft
C-570,2024-10-04,32.34597,-86.26935,theft
C-571,2024-08-13,32.35,-86.30496,theft
C-572,2024-09-24,32.38151,-86.26315,theft
C-573,2024-07-28,32.38849,-86.26264,theft
C-574,2023-05-16,32.35334,-86.26993,theft
C-575,2023-07-02,32.33908,-86.26766,theft
C-576,2023-09-08,32.39103,-86.27184,theft
C-577,2024-07-16,32.34261,-86.2605,theft
C-578,2024-06-23,32.34143,-86.29306,theft
C-579,2024-03-25,32.3695,-86.30091,theft
C-580,2024-10-10,32.38337,-86.25713,theft
C-581,2024-06-07,32.35111,-86.25516,theft
C-582,2024-01-27,32.32582,-86.31391,theft
C-583,2023-06-02,32.39873,-86.29182,theft
C-584,2023-05-07,32.32317,-86.31411,theft
C-585,2023-08-12,32.37796,-86.25402,theft
C-586,2023-12-18,32.33419,-86.26335,theft
C-587,2023-07-06,32.36892,-86.27493,theft
C-588,2024-10-26,32.3953,-86.28358,theft
C-589,2023-11-11,32.383,-86.27551,theft
C-590,2023-03-18,32.37592,-86.28244,theft
C-591,2024-11-03,32.35307,-86.2968,theft
C-592,2023-02-08,32.36232,-86.27157,theft
C-593,2023-06-16,32.34667,-86.30378,theft
C-594,2023-11-06,32.34011,-86.27497,theft
C-595,2024-01-20,32.39091,-86.25829,theft
C-596,2023-09-26,32.35885,-86.29442,theft
C-597,2024-07-20,32.34038,-86.2514,theft
C-598,2023-12-24,32.37677,-86.27586,theft
C-599,2023-06-06,32.32545,-86.30453,theft
C-600,2023-01-22,32.32456,-86.29254,theft
C-601,2024-06-16,32.38377,-86.25001,theft
C-602,2024-03-01,32.32657,-86.27539,theft
C-603,2024-03-11,32.38771,-86.29275,theft
C-604,2023-09-14,32.36862,-86.31552,theft
C-605,2024-10-29,32.37661,-86.26524,theft
C-606,2023-07-04,32.34694,-86.28529,theft
C-607,2024-06-29,32.34108,-86.26142,theft
C-608,2024-09-06,32.33082,-86.26462,theft
C-609,2023-08-04,32.36197,-86.2597,theft
C-610,2023-11-01,32.38564,-86.26064,theft
C-611,2024-05-11,32.35928,-86.31116,theft
C-612,2023-05-21,32.35054,-86.25746,theft
C-613,2023-06-22,32.36817,-86.25643,theft
C-614,2024-03-28,32.38535,-86.2957,theft
C-615,2023-07-15,32.32052,-86.3014,theft
C-616,2024-04-10,32.39249,-86.29041,theft
C-617,2023-02-27,32.39213,-86.29355,theft
C-618,2023-06-07,32.38737,-86.31079,theft
C-619,2024-11-27,32.33635,-86.27126,theft
C-620,2023-10-20,32.32502,-86.30348,theft
C-621,2024-08-15,32.35826,-86.25191,theft
C-622,2023-02-26,32.34375,-86.31327,theft
C-623,2024-11-13,32.3377,-86.2815,theft
C-624,2024-05-05,32.35355,-86.30815,theft
C-625,2024-08-28,32.39562,-86.26239,theft
C-626,2024-11-27,32.34379,-86.29627,theft
C-627,2023-07-18,32.34854,-86.25639,theft
C-628,2023-06-05,32.37257,-86.25895,theft
C-629,2024-09-30,32.32979,-86.29587,theft
C-630,2023-05-29,32.32948,-86.29769,theft
C-631,2024-03-02,32.34025,-86.25933,theft
C-632,2024-07-19,32.32561,-86.25913,theft
C-633,2024-01-11,32.36303,-86.26533,theft
C-634,2024-07-23,32.34233,-86.28075,theft
C-635,2023-08-03,32.3886,-86.27571,theft
C-636,2024-08-02,32.33609,-86.28409,theft
C-637,2023-07-11,32.37604,-86.2758,theft
C-638,2024-02-28,32.33241,-86.3054,theft
C-639,2023-10-25,32.38762,-86.30025,theft
C-640,2024-11-10,32.36233,-86.29103,theft
C-641,2024-12-07,32.36338,-86.28912,theft
C-642,2023-01-17,32.34541,-86.27419,theft
C-643,2024-05-11,32.34283,-86.25992,theft
C-644,2024-09-29,32.37646,-86.25576,theft
C-645,2023-01-02,32.36983,-86.28642,theft
C-646,2024-06-27,32.39955,-86.25795,theft
C-647,2024-04-04,32.32919,-86.31584,theft
C-648,2024-03-07,32.38157,-86.29933,theft
C-649,2024-02-09,32.36134,-86.27938,theft
C-650,2024-05-07,32.35549,-86.2897,theft
C-651,2023-12-26,32.37735,-86.26686,theft
C-652,2023-03-08,32.32716,-86.27609,theft
C-653,2023-08-16,32.37574,-86.26938,theft
C-654,2023-05-04,32.38585,-86.28911,theft
C-655,2023-03-16,32.34549,-86.25005,theft
C-656,2024-05-01,32.37379,-86.29948,theft
C-657,2023-03-04,32.37609,-86.30961,theft
C-658,2024-09-02,32.3944,-86.28158,theft
C-659,2024-08-22,32.34804,-86.25562,theft
C-660,2024-03-10,32.38077,-86.30369,theft
C-661,2024-01-16,32.3484,-86.31379,theft
C-662,2023-04-29,32.38462,-86.27555,theft
C-663,2024-07-10,32.37248,-86.25848,theft
C-664,2023-05-24,32.34492,-86.3,theft
C-665,2024-03-14,32.33047,-86.25222,theft
C-666,2023-07-13,32.38761,-86.26969,theft
C-667,2023-09-16,32.33513,-86.29846,theft
C-668,2024-10-07,32.39149,-86.30512,theft
C-669,2024-04-20,32.38397,-86.2683,theft
C-670,2023-06-22,32.35314,-86.31659,theft
C-671,2023-02-08,32.35408,-86.28786,theft
C-672,2023-10-20,32.34126,-86.28228,theft
C-673,2024-10-23,32.32479,-86.31821,theft
C-674,2024-05-23,32.32083,-86.26347,theft
C-675,2023-04-03,32.38979,-86.30311,theft
C-676,2024-11-27,32.32556,-86.31692,theft
C-677,2024-05-19,32.32351,-86.30563,theft
C-678,2024-08-24,32.37891,-86.28282,theft
C-679,2023-01-26,32.35068,-86.27549,theft
C-680,2023-09-07,32.35575,-86.28427,theft
C-681,2024-10-19,32.38245,-86.27508,theft
C-682,2024-02-02,32.35801,-86.27521,theft
C-683,2023-05-29,32.33565,-86.30957,theft
C-684,2023-09-15,32.34386,-86.29683,theft
C-685,2024-03-26,32.35907,-86.30361,theft
C-686,2023-05-20,32.36261,-86.31979,theft
C-687,2023-07-04,32.3898,-86.28656,theft
C-688,2023-04-12,32.39436,-86.26121,theft
C-689,2023-05-23,32.34536,-86.26025,theft
C-690,2024-09-07,32.38878,-86.30306,theft
C-691,2023-09-09,32.33539,-86.31517,theft
C-692,2023-12-21,32.37365,-86.25161,theft
C-693,2024-02-15,32.35671,-86.29926,theft
C-694,2024-01-05,32.37835,-86.25794,theft
C-695,2023-06-03,32.36267,-86.26736,theft
C-696,2023-01-15,32.34765,-86.25467,theft
C-697,2023-10-22,32.37566,-86.31703,theft
C-698,2024-10-07,32.3672,-86.28421,theft
C-699,2023-08-09,32.32243,-86.30321,theft
C-700,2023-06-29,32.3842,-86.31324,theft
C-701,2023-09-08,32.32783,-86.29399,theft
C-702,2023-02-19,32.38736,-86.30801,theft
C-703,2024-04-09,32.33474,-86.27669,theft
C-704,2023-11-24,32.36959,-86.28515,theft
C-705,2024-05-25,32.364,-86.31347,theft
C-706,2023-03-08,32.34733,-86.31373,theft
C-707,2024-07-18,32.35793,-86.29222,theft
C-708,2024-02-04,32.34967,-86.31614,theft
C-709,2024-11-02,32.38066,-86.28969,theft
C-710,2024-08-23,32.36788,-86.29328,theft
C-711,2024-12-13,32.33739,-86.31167,theft
C-712,2024-12-09,32.35161,-86.30856,theft
C-713,2024-03-13,32.38044,-86.31487,theft
C-714,2023-05-12,32.37396,-86.27311,theft
C-715,2023-07-18,32.39243,-86.30725,theft
C-716,2024-03-24,32.34008,-86.25031,theft
C-717,2024-06-14,32.33396,-86.27503,theft
C-718,2023-09-27,32.37721,-86.31192,theft
C-719,2024-07-18,32.34461,-86.25241,theft
C-720,2024-05-21,32.36287,-86.27732,theft
C-721,2023-07-11,32.39309,-86.2817,theft
C-722,2023-01-22,32.34845,-86.2605,theft
C-723,2023-09-04,32.39708,-86.26578,theft
C-724,2024-07-03,32.38552,-86.25573,theft
C-725,2024-08-23,32.35571,-86.28212,theft
C-726,2023-12-25,32.39864,-86.2501,theft
C-727,2024-05-07,32.38599,-86.2831,theft
C-728,2023-06-03,32.37407,-86.25116,theft
C-729,2023-06-01,32.34266,-86.31974,theft
C-730,2023-10-19,32.33054,-86.31313,theft
C-731,2024-03-18,32.3553,-86.27571,theft
C-732,2023-06-09,32.35321,-86.28611,theft
C-733,2024-01-16,32.3203,-86.27183,theft
C-734,2024-11-02,32.33835,-86.28471,theft
C-735,2023-04-08,32.36906,-86.2599,theft
C-736,2023-02-23,32.37147,-86.268,theft
C-737,2023-12-13,32.3907,-86.30026,theft
C-738,2023-10-15,32.32855,-86.26506,theft
C-739,2023-12-30,32.33016,-86.25378,theft
C-740,2024-08-18,32.36853,-86.2755,theft
C-741,2024-11-21,32.35638,-86.2784,theft
C-742,2023-12-29,32.35699,-86.31539,theft
C-743,2023-04-30,32.33236,-86.27325,theft
C-744,2023-12-24,32.35738,-86.28222,theft
C-745,2024-06-19,32.33722,-86.2737,theft
C-746,2023-05-08,32.38515,-86.28191,theft
C-747,2024-02-28,32.36378,-86.28457,theft
C-748,2024-04-13,32.39225,-86.31492,theft
C-749,2023-03-02,32.36336,-86.27287,theft
C-750,2023-06-09,32.32335,-86.26313,theft
C-751,2023-05-07,32.35393,-86.26662,theft
C-752,2023-11-14,32.39621,-86.27715,theft
C-753,2024-11-24,32.35498,-86.31958,theft
C-754,2024-10-13,32.34427,-86.297,theft
C-755,2023-01-19,32.3901,-86.30892,theft
C-756,2023-03-16,32.3816,-86.25575,theft
C-757,2024-11-16,32.39831,-86.28982,theft
C-758,2023-02-11,32.36685,-86.2642,theft
C-759,2024-06-14,32.3628,-86.29034,theft
C-760,2023-07-07,32.33155,-86.278,theft
C-761,2024-02-27,32.39069,-86.29689,theft
C-762,2024-09-02,32.38132,-86.29361,theft
C-763,2023-02-20,32.33217,-86.30552,theft
C-764,2023-05-21,32.36624,-86.27165,theft
C-765,2023-07-01,32.38439,-86.28063,theft
C-766,2023-10-31,32.33576,-86.25457,theft
C-767,2023-07-10,32.36347,-86.25767,theft
C-768,2023-06-12,32.37982,-86.28203,theft
C-769,2023-11-06,32.36183,-86.31662,theft
C-770,2024-03-06,32.3234,-86.25033,theft
C-771,2023-05-12,32.39012,-86.28414,theft
C-772,2024-08-17,32.32205,-86.30998,theft
C-773,2023-11-18,32.3254,-86.29162,theft
C-774,2024-07-30,32.35115,-86.31375,theft
C-775,2023-10-03,32.36147,-86.26546,theft
C-776,2023-09-25,32.33946,-86.2511,theft
C-777,2024-12-07,32.32308,-86.27525,theft
C-778,2024-10-12,32.34924,-86.29946,theft
C-779,2023-09-08,32.36611,-86.31774,theft
C-780,2023-07-09,32.39443,-86.28787,theft
C-781,2023-08-29,32.36464,-86.26987,theft
C-782,2024-06-23,32.39755,-86.2508,theft
C-783,2023-10-29,32.36587,-86.29776,theft
C-784,2024-03-18,32.39069,-86.27371,theft
C-785,2024-06-26,32.36718,-86.27996,theft
C-786,2024-01-18,32.38481,-86.2912,theft
C-787,2024-09-06,32.32599,-86.31261,theft
C-788,2024-07-13,32.33679,-86.26522,theft
C-789,2023-12-08,32.37098,-86.27969,theft
C-790,2024-02-01,32.39308,-86.30166,theft
C-791,2024-06-14,32.38855,-86.30863,theft
C-792,2023-03-31,32.34258,-86.26358,theft
C-793,2023-07-21,32.39182,-86.27399,theft
C-794,2024-11-13,32.33177,-86.25699,theft
C-795,2024-02-21,32.32575,-86.2773,theft
C-796,2024-09-24,32.3432,-86.25371,theft
C-797,2024-02-06,32.3959,-86.2539,theft
C-798,2023-07-09,32.35743,-86.30235,theft
C-799,2023-03-23,32.33272,-86.29672,theft
C-800,2023-04-20,32.37436,-86.26127,theft
C-801,2024-06-03,32.32513,-86.30182,theft
C-802,2024-01-01,32.36036,-86.30044,theft
C-803,2023-11-28,32.33332,-86.26919,theft
C-804,2023-05-01,32.37511,-86.26945,theft
C-805,2024-09-29,32.35791,-86.29668,theft
C-806,2024-04-01,32.37453,-86.30158,theft
C-807,2023-05-12,32.32689,-86.25143,theft
C-808,2023-06-28,32.33911,-86.27211,theft
C-809,2024-08-05,32.34848,-86.2642,theft
C-810,2024-04-17,32.3573,-86.2906,theft
C-811,2024-06-03,32.38535,-86.31837,theft
C-812,2023-12-15,32.35745,-86.29875,theft
C-813,2023-11-26,32.34439,-86.26359,theft
C-814,2024-01-25,32.32234,-86.31252,theft
C-815,2023-08-31,32.32595,-86.25654,theft
C-816,2023-08-05,32.38245,-86.30582,theft
C-817,2023-08-04,32.36081,-86.31322,theft
C-818,2024-02-07,32.34761,-86.28001,theft
C-819,2024-02-13,32.37105,-86.27393,theft
C-820,2024-02-06,32.37205,-86.29859,theft
C-821,2023-02-15,32.34993,-86.2502,theft
C-822,2023-12-20,32.39022,-86.26136,theft
C-823,2024-09-29,32.33181,-86.29527,theft
C-824,2023-07-05,32.34505,-86.29936,theft
C-825,2023-07-20,32.33081,-86.26109,theft
C-826,2023-10-26,32.3267,-86.26408,theft
C-827,2024-05-25,32.35105,-86.31458,theft
C-828,2023-03-19,32.36071,-86.28967,theft
C-829,2023-11-13,32.39994,-86.30763,theft
C-830,2024-10-10,32.39279,-86.30981,theft
C-831,2023-03-01,32.34974,-86.29063,theft
C-832,2023-04-04,32.36092,-86.29703,theft
C-833,2023-04-08,32.32733,-86.31048,theft
C-834,2024-03-24,32.37513,-86.3042,theft
C-835,2023-01-07,32.33992,-86.26811,theft
C-836,2024-08-03,32.35134,-86.25024,theft
C-837,2024-04-30,32.39114,-86.26221,theft
C-838,2024-10-02,32.34525,-86.31885,theft
C-839,2023-05-03,32.39151,-86.27506,theft
C-840,2023-12-11,32.38483,-86.25263,theft
C-841,2024-04-06,32.3685,-86.30896,theft
C-842,2024-02-17,32.38886,-86.26923,theft
C-843,2024-02-23,32.35569,-86.31063,theft
C-844,2023-05-09,32.3341,-86.27338,theft
C-845,2023-05-17,32.37032,-86.26186,theft
C-846,2024-11-19,32.3363,-86.30704,theft
C-847,2023-01-10,32.34509,-86.27172,theft
C-848,2023-05-13,32.34877,-86.25153,theft
C-849,2023-08-24,32.39771,-86.25576,theft
C-850,2023-10-28,32.32008,-86.30064,theft
C-851,2024-11-13,32.32428,-86.30015,theft
C-852,2023-10-20,32.39281,-86.27412,theft
C-853,2024-09-05,32.34162,-86.26773,theft
C-854,2023-02-08,32.34799,-86.31632,theft
C-855,2023-12-04,32.39581,-86.312,theft
C-856,2024-10-23,32.38672,-86.31244,theft
C-857,2023-01-15,32.39471,-86.31391,theft
C-858,2023-05-03,32.37898,-86.30425,theft
C-859,2023-12-04,32.36913,-86.29241,theft
C-860,2023-12-10,32.33183,-86.30515,theft
C-861,2023-12-18,32.34333,-86.25997,theft
C-862,2023-02-14,32.39066,-86.31647,theft
C-863,2023-09-10,32.3863,-86.29476,theft
C-864,2024-09-20,32.38455,-86.26242,theft
C-865,2023-12-29,32.37181,-86.30531,theft
C-866,2024-01-22,32.36924,-86.26796,theft
C-867,2024-08-19,32.39632,-86.31913,theft
C-868,2024-10-08,32.35528,-86.25555,theft
C-869,2024-06-18,32.35341,-86.25382,theft
C-870,2023-07-25,32.33309,-86.2932,theft
C-871,2023-05-04,32.36523,-86.2696,theft
C-872,2023-04-03,32.39892,-86.29401,theft
C-873,2024-11-12,32.37157,-86.3041,theft
C-874,2024-09-22,32.37881,-86.25847,theft
C-875,2023-11-23,32.37804,-86.25169,theft
C-876,2023-03-28,32.387,-86.26931,theft
C-877,2024-08-02,32.37406,-86.27799,theft
C-878,2024-11-23,32.36902,-86.30577,theft
C-879,2023-10-16,32.36803,-86.29259,theft
C-880,2024-01-18,32.36705,-86.3049,theft
C-881,2024-04-18,32.34524,-86.29721,theft
C-882,2023-04-30,32.36731,-86.25064,theft
C-883,2024-09-10,32.33682,-86.30209,theft
C-884,2024-09-13,32.39198,-86.30185,theft
C-885,2024-10-18,32.35403,-86.28033,theft
C-886,2023-10-13,32.34419,-86.29364,theft
C-887,2023-10-14,32.34528,-86.25539,theft
C-888,2023-02-22,32.36551,-86.29146,theft
C-889,2023-08-10,32.36932,-86.30863,theft
C-890,2024-03-19,32.37364,-86.3166,theft
C-891,2024-02-11,32.36208,-86.27033,theft
C-892,2023-02-27,32.33018,-86.25548,theft
C-893,2023-12-29,32.34292,-86.25184,theft
C-894,2024-12-06,32.35051,-86.31981,theft
C-895,2023-05-05,32.38481,-86.26557,theft
C-896,2023-09-20,32.37017,-86.31179,theft
C-897,2023-02-04,32.34553,-86.29652,theft
C-898,2023-08-10,32.39192,-86.30355,theft
C-899,2023-02-01,32.33886,-86.29381,theft
C-900,2024-10-05,32.32039,-86.29125,theft
C-901,2023-12-17,32.32739,-86.30079,theft
C-902,2024-10-26,32.33587,-86.27356,theft
C-903,2024-12-16,32.35108,-86.27121,theft
C-904,2023-07-28,32.36553,-86.30932,theft
C-905,2024-08-19,32.3749,-86.26231,theft
C-906,2023-05-24,32.32864,-86.30103,theft
C-907,2024-07-10,32.39011,-86.2971,theft
C-908,2023-07-22,32.3262,-86.29034,theft
C-909,2024-03-30,32.33392,-86.28966,theft
C-910,2024-08-28,32.39618,-86.29549,theft
C-911,2023-08-10,32.37097,-86.25184,theft
C-912,2023-12-31,32.32206,-86.27318,theft
C-913,2023-09-26,32.32224,-86.31482,theft
C-914,2023-06-02,32.37954,-86.25774,theft
C-915,2024-09-12,32.38298,-86.2519,theft
C-916,2023-11-22,32.32595,-86.26103,theft
C-917,2024-12-19,32.39568,-86.28669,theft
C-918,2024-03-23,32.38759,-86.29399,theft
C-919,2023-06-19,32.37486,-86.26343,theft
C-920,2023-02-23,32.34921,-86.31409,theft
C-921,2024-11-03,32.37501,-86.25586,theft
C-922,2023-11-28,32.34288,-86.27801,theft
C-923,2024-04-18,32.34817,-86.27826,theft
C-924,2023-12-17,32.33425,-86.26026,theft
C-925,2023-07-21,32.38913,-86.30597,theft
C-926,2023-08-06,32.38417,-86.30739,theft
C-927,2023-05-08,32.32281,-86.29059,theft
C-928,2023-11-08,32.33681,-86.28618,theft
C-929,2023-08-03,32.34243,-86.26207,theft
C-930,2023-12-20,32.36028,-86.27189,theft
C-931,2023-11-27,32.36822,-86.26203,theft
C-932,2024-04-18,32.35424,-86.31652,theft
C-933,2024-06-26,32.35268,-86.25656,theft
C-934,2024-10-29,32.38896,-86.2501,theft
C-935,2024-02-03,32.33595,-86.31236,theft
C-936,2023-08-03,32.36604,-86.29724,theft
C-937,2023-09-03,32.33427,-86.28075,theft
C-938,2024-03-26,32.35311,-86.25321,theft
C-939,2024-08-14,32.38245,-86.26611,theft
C-940,2023-12-01,32.32403,-86.25727,theft
C-941,2024-04-03,32.39952,-86.28449,theft
C-942,2023-02-11,32.34243,-86.30915,theft
C-943,2024-06-09,32.3881,-86.25557,theft
C-944,2023-07-31,32.36013,-86.30454,theft
C-945,2023-03-04,32.33593,-86.29585,theft
C-946,2024-09-09,32.35862,-86.30219,theft
C-947,2023-12-07,32.32797,-86.27576,theft
C-948,2023-12-13,32.32671,-86.31467,theft
C-949,2024-11-05,32.35621,-86.28082,theft
C-950,2024-07-04,32.36389,-86.28535,theft
C-951,2023-07-25,32.32414,-86.29,theft
C-952,2024-05-05,32.3544,-86.28304,theft
C-953,2023-08-11,32.32328,-86.25342,theft
C-954,2023-09-05,32.39982,-86.26636,theft
C-955,2023-10-11,32.3633,-86.28292,theft
C-956,2023-06-08,32.37589,-86.29917,theft
C-957,2023-02-24,32.33981,-86.31091,theft
C-958,2023-12-27,32.34479,-86.31274,theft
C-959,2024-01-18,32.38992,-86.28047,theft
C-960,2023-02-11,32.32594,-86.30261,theft
C-961,2024-03-02,32.35334,-86.25369,theft
C-962,2024-10-21,32.32277,-86.27699,theft
C-963,2024-01-02,32.32592,-86.29155,theft
C-964,2023-04-10,32.36099,-86.3175,theft
C-965,2024-06-15,32.3729,-86.25086,theft
C-966,2023-10-27,32.3728,-86.27419,theft
C-967,2023-07-10,32.36614,-86.26961,theft
C-968,2024-05-25,32.36123,-86.31582,theft
C-969,2023-04-28,32.38716,-86.29411,theft
C-970,2024-06-16,32.39603,-86.26546,theft
C-971,2024-08-13,32.39998,-86.28599,theft
C-972,2024-05-17,32.33938,-86.31747,theft
C-973,2023-09-16,32.33035,-86.26222,theft
C-974,2023-11-15,32.38185,-86.26308,theft
C-975,2023-08-28,32.33298,-86.28123,theft
C-976,2024-11-19,32.34428,-86.31459,theft
C-977,2024-04-23,32.33261,-86.27089,theft
C-978,2024-02-24,32.34794,-86.29859,theft
C-979,2023-12-28,32.32151,-86.26919,theft
C-980,2024-04-02,32.3542,-86.26382,theft
C-981,2024-02-15,32.38947,-86.26268,theft
C-982,2024-01-30,32.35114,-86.29622,theft
C-983,2024-11-18,32.33388,-86.28463,theft
C-984,2024-06-29,32.34267,-86.27027,theft
C-985,2023-09-12,32.35779,-86.25248,theft
C-986,2023-09-02,32.33202,-86.2687,theft
C-987,2024-05-05,32.36008,-86.31457,theft
C-988,2023-12-02,32.35645,-86.27098,theft
C-989,2023-03-06,32.34248,-86.25618,theft
C-990,2023-04-26,32.37374,-86.28587,theft
C-991,2024-06-06,32.32151,-86.31615,theft
C-992,2023-12-10,32.34636,-86.25135,theft
C-993,2023-06-27,32.35388,-86.25333,theft
C-994,2024-03-17,32.34985,-86.3196,theft
C-995,2024-03-10,32.3623,-86.28823,theft
C-996,2023-03-23,32.3481,-86.25614,theft
C-997,2023-06-02,32.36426,-86.28772,theft
C-998,2023-10-27,32.35935,-86.30939,theft
C-999,2024-01-03,32.36796,-86.3029,theft
C-1000,2024-04-09,32.34527,-86.25119,theft
C-1001,2023-04-16,32.33485,-86.2802,theft
C-1002,2024-07-31,32.38929,-86.30324,theft
C-1003,2023-11-25,32.39184,-86.29933,theft
C-1004,2023-01-29,32.38467,-86.30583,theft
C-1005,2023-12-05,32.35256,-86.30078,theft
C-1006,2024-06-03,32.39757,-86.25012,theft
C-1007,2024-11-03,32.35704,-86.2872,theft
C-1008,2023-12-09,32.33541,-86.26015,theft
C-1009,2023-04-21,32.33161,-86.27706,theft
C-1010,2024-01-03,32.38528,-86.28515,theft
C-1011,2024-08-05,32.3983,-86.30103,theft
C-1012,2024-08-08,32.36397,-86.27904,theft
C-1013,2024-08-13,32.37234,-86.30889,theft
C-1014,2024-02-05,32.38729,-86.31611,theft
C-1015,2024-11-16,32.32492,-86.30036,theft
C-1016,2024-04-05,32.32753,-86.26738,theft
C-1017,2024-03-13,32.36508,-86.26443,theft
C-1018,2023-12-20,32.38056,-86.2839,theft
C-1019,2023-04-22,32.3916,-86.25159,theft
C-1020,2024-06-25,32.32207,-86.25506,theft
C-1021,2023-10-28,32.37214,-86.26814,theft
C-1022,2023-06-04,32.38085,-86.31931,theft
C-1023,2023-10-05,32.33855,-86.30181,theft
C-1024,2023-07-06,32.39052,-86.30924,theft
C-1025,2023-07-17,32.39425,-86.25054,theft
C-1026,2024-03-18,32.3992,-86.28789,theft
C-1027,2023-06-16,32.39234,-86.31792,theft
C-1028,2024-02-13,32.35589,-86.25024,theft
C-1029,2023-03-15,32.33874,-86.25101,theft
C-1030,2024-05-02,32.35229,-86.25701,theft
C-1031,2024-05-03,32.39384,-86.25919,theft
C-1032,2023-12-01,32.37881,-86.27987,theft
C-1033,2023-02-01,32.33514,-86.31056,theft
C-1034,2024-07-08,32.36296,-86.25508,theft
C-1035,2023-09-28,32.323,-86.29332,theft
C-1036,2024-03-12,32.37734,-86.25657,theft
C-1037,2024-07-03,32.37037,-86.27869,theft
C-1038,2023-12-25,32.39108,-86.31486,theft
C-1039,2023-09-05,32.33906,-86.31287,theft
C-1040,2023-11-16,32.38112,-86.30103,theft
C-1041,2023-05-14,32.34007,-86.26858,theft
C-1042,2023-06-10,32.35298,-86.30189,theft
C-1043,2024-11-26,32.32263,-86.30143,theft
C-1044,2024-08-14,32.35502,-86.25918,theft
C-1045,2023-05-19,32.37846,-86.26699,theft
C-1046,2023-07-01,32.39735,-86.25492,theft
C-1047,2024-06-26,32.36769,-86.30107,theft
C-1048,2024-07-29,32.37897,-86.27477,theft
C-1049,2024-11-04,32.37677,-86.26072,theft
C-1050,2024-05-26,32.39426,-86.26799,theft
C-1051,2024-09-20,32.37345,-86.25055,theft
C-1052,2023-05-12,32.38905,-86.30491,theft
C-1053,2024-09-12,32.38665,-86.28464,theft
C-1054,2024-09-27,32.39121,-86.2555,theft
C-1055,2023-06-07,32.37221,-86.27195,theft
C-1056,2023-06-13,32.34989,-86.29514,theft
C-1057,2024-02-10,32.34177,-86.27853,theft
C-1058,2023-07-14,32.36972,-86.29099,theft
C-1059,2023-05-21,32.32619,-86.28158,theft
C-1060,2023-07-22,32.36137,-86.25942,theft
C-1061,2024-04-13,32.38278,-86.25221,theft
C-1062,2023-09-10,32.39949,-86.27163,theft
C-1063,2024-01-24,32.32802,-86.29376,theft
C-1064,2023-06-18,32.37524,-86.25085,theft
C-1065,2023-07-17,32.39639,-86.29701,theft
C-1066,2023-08-05,32.38248,-86.27603,theft
C-1067,2023-12-12,32.39736,-86.27204,theft
C-1068,2023-09-25,32.37809,-86.25585,theft
C-1069,2024-11-03,32.32501,-86.29514,theft
C-1070,2024-06-17,32.32742,-86.30182,theft
C-1071,2024-12-21,32.33548,-86.3029,theft
C-1072,2024-05-03,32.34794,-86.28297,theft
C-1073,2023-10-04,32.35749,-86.30005,theft
C-1074,2023-04-13,32.39607,-86.28156,theft
C-1075,2023-02-25,32.35818,-86.27111,theft
C-1076,2023-04-28,32.33693,-86.28338,theft
C-1077,2024-02-02,32.37909,-86.25291,theft
C-1078,2024-06-05,32.38692,-86.26648,theft
C-1079,2023-03-22,32.39965,-86.31302,theft
C-1080,2023-01-20,32.38203,-86.26554,theft
C-1081,2024-10-21,32.38474,-86.29364,theft
C-1082,2024-11-12,32.39925,-86.25516,theft
C-1083,2024-09-15,32.3613,-86.25537,theft
C-1084,2023-04-13,32.37941,-86.25951,theft
C-1085,2024-06-30,32.33905,-86.31027,theft
C-1086,2023-04-11,32.38694,-86.3125,theft
C-1087,2024-10-23,32.32902,-86.28516,theft
C-1088,2024-05-02,32.36405,-86.29792,theft
C-1089,2024-12-12,32.36339,-86.25909,theft
C-1090,2024-02-26,32.34813,-86.31206,theft
C-1091,2023-08-29,32.34588,-86.27563,theft
C-1092,2023-09-04,32.38823,-86.29165,theft
C-1093,2024-02-04,32.38348,-86.30986,theft
C-1094,2023-09-28,32.34459,-86.30152,theft
C-1095,2023-04-23,32.37975,-86.29987,theft
C-1096,2023-02-19,32.33831,-86.31209,theft
C-1097,2024-09-24,32.3302,-86.25885,theft
C-1098,2023-05-12,32.32249,-86.25066,theft
C-1099,2023-01-16,32.36577,-86.31665,theft
C-1100,2024-09-20,32.37252,-86.25486,theft
C-1101,2024-10-12,32.36451,-86.30276,theft
C-1102,2023-03-14,32.36933,-86.29373,theft
C-1103,2023-07-30,32.35562,-86.25451,theft
C-1104,2023-06-30,32.33102,-86.27897,theft
C-1105,2023-09-09,32.37898,-86.26844,theft
C-1106,2024-05-16,32.32611,-86.26102,theft
C-1107,2024-12-26,32.39644,-86.2976,theft
C-1108,2023-03-17,32.36166,-86.30041,theft
C-1109,2024-11-14,32.35665,-86.29855,theft
C-1110,2024-10-23,32.37317,-86.28639,theft
C-1111,2023-08-29,32.32731,-86.26147,theft
C-1112,2023-05-23,32.32182,-86.30437,theft
C-1113,2023-05-28,32.32208,-86.26909,theft
C-1114,2023-06-08,32.34278,-86.30244,theft
C-1115,2024-04-28,32.37328,-86.31594,theft
C-1116,2024-06-01,32.37525,-86.30335,theft
C-1117,2024-08-23,32.39291,-86.29895,theft
C-1118,2024-06-26,32.37174,-86.30417,theft
C-1119,2023-07-08,32.38616,-86.26541,theft
C-1120,2024-10-17,32.36021,-86.2582,theft
C-1121,2023-09-23,32.38447,-86.29874,theft
C-1122,2023-07-20,32.35868,-86.30361,theft
C-1123,2024-04-08,32.35041,-86.31102,theft
C-1124,2024-07-20,32.37807,-86.30892,theft
C-1125,2024-02-03,32.38091,-86.29676,theft
C-1126,2023-09-01,32.36608,-86.26638,theft
C-1127,2024-03-19,32.32357,-86.29405,theft
C-1128,2023-03-14,32.33168,-86.3009,theft
C-1129,2023-09-15,32.32995,-86.26827,theft
C-1130,2023-08-04,32.36799,-86.31592,theft
C-1131,2024-11-12,32.38251,-86.31846,theft
C-1132,2023-02-02,32.33275,-86.25782,theft
C-1133,2023-11-18,32.32194,-86.28684,theft
C-1134,2024-11-24,32.38308,-86.29725,theft
C-1135,2023-01-10,32.35343,-86.25425,theft
C-1136,2023-04-18,32.38654,-86.26087,theft
C-1137,2024-07-06,32.36047,-86.25665,theft
C-1138,2024-12-27,32.39315,-86.28076,theft
C-1139,2024-06-01,32.36609,-86.29431,theft
C-1140,2024-06-29,32.33836,-86.28842,theft
C-1141,2024-12-02,32.35321,-86.30716,theft
C-1142,2023-05-19,32.32838,-86.29348,theft
C-1143,2023-06-21,32.32943,-86.30164,theft
C-1144,2023-02-10,32.36616,-86.30778,theft
C-1145,2023-06-29,32.37186,-86.27624,theft
C-1146,2023-05-26,32.38671,-86.25856,theft
C-1147,2024-07-16,32.37687,-86.29574,theft
C-1148,2024-07-17,32.38941,-86.28041,theft
C-1149,2024-08-12,32.32008,-86.25621,theft
C-1150,2024-12-14,32.36918,-86.30277,theft
C-1151,2023-08-15,32.39769,-86.28588,theft
C-1152,2023-01-18,32.38107,-86.27448,theft
C-1153,2023-02-15,32.33248,-86.26602,theft
C-1154,2023-02-27,32.33271,-86.27523,theft
C-1155,2023-12-12,32.33735,-86.31098,theft
C-1156,2023-05-30,32.39373,-86.28343,theft
C-1157,2024-08-18,32.33042,-86.31397,theft
C-1158,2024-09-22,32.37459,-86.30239,theft
C-1159,2024-03-18,32.32459,-86.29685,theft
C-1160,2024-07-16,32.38129,-86.2616,theft
C-1161,2024-04-27,32.33705,-86.28504,theft
C-1162,2024-02-15,32.35219,-86.31751,theft
C-1163,2023-02-01,32.3994,-86.29338,theft
C-1164,2024-11-29,32.33086,-86.26772,theft
C-1165,2024-08-01,32.36376,-86.26796,theft
C-1166,2024-06-24,32.3748,-86.30246,theft
C-1167,2023-08-23,32.36068,-86.31503,theft
C-1168,2024-01-03,32.38122,-86.28764,theft
C-1169,2024-09-30,32.34077,-86.25798,theft
C-1170,2024-09-13,32.36925,-86.26672,theft
C-1171,2023-01-21,32.38814,-86.25676,theft
C-1172,2023-02-15,32.33595,-86.25994,theft
C-1173,2023-01-07,32.35981,-86.29972,theft
C-1174,2024-10-30,32.33245,-86.26278,theft
C-1175,2023-07-23,32.37876,-86.27634,theft
C-1176,2024-11-30,32.35788,-86.26493,theft
C-1177,2024-07-09,32.39017,-86.27591,theft
C-1178,2023-12-27,32.34632,-86.25952,theft
C-1179,2023-12-17,32.33711,-86.30928,theft
C-1180,2024-01-01,32.38717,-86.30581,theft
C-1181,2023-01-11,32.37144,-86.30624,theft
C-1182,2024-02-14,32.3913,-86.26774,theft
C-1183,2024-05-31,32.38745,-86.3148,theft
C-1184,2023-09-05,32.3909,-86.27126,theft
C-1185,2023-11-08,32.35694,-86.26619,theft
C-1186,2023-02-20,32.39586,-86.25035,theft
C-1187,2023-03-02,32.33957,-86.27488,theft
C-1188,2024-09-15,32.35612,-86.27808,theft
C-1189,2024-08-05,32.35794,-86.28552,theft
C-1190,2023-10-16,32.36709,-86.27642,theft
C-1191,2023-03-27,32.35022,-86.29276,theft
C-1192,2023-04-04,32.32432,-86.26026,theft
C-1193,2023-04-27,32.32023,-86.3059,theft
C-1194,2023-06-17,32.36362,-86.26587,theft
C-1195,2023-12-05,32.3247,-86.31353,theft
C-1196,2024-11-16,32.38032,-86.25842,theft
C-1197,2023-09-13,32.33344,-86.30899,theft
C-1198,2023-03-18,32.36824,-86.29371,theft
C-1199,2023-01-23,32.3231,-86.25852,theft
C-1200,2023-01-02,32.32764,-86.25163,theft
C-1201,2023-07-29,32.39818,-86.28517,theft
C-1202,2023-11-20,32.35335,-86.29758,theft
C-1203,2023-07-29,32.37752,-86.31799,theft
C-1204,2024-10-02,32.36727,-86.29602,theft
C-1205,2024-11-18,32.33816,-86.27475,theft
C-1206,2023-05-29,32.34699,-86.25247,theft
C-1207,2023-12-13,32.33087,-86.29438,theft
C-1208,2024-05-24,32.38159,-86.26322,theft
C-1209,2024-06-02,32.34163,-86.2887,theft
C-1210,2023-04-17,32.37047,-86.26275,theft
C-1211,2024-06-19,32.37997,-86.27364,theft
C-1212,2023-10-16,32.37238,-86.2751,theft
C-1213,2024-07-29,32.33243,-86.31525,theft
C-1214,2024-02-20,32.34389,-86.25917,theft
C-1215,2024-09-14,32.39131,-86.30344,theft
C-1216,2024-10-22,32.36937,-86.31011,theft
C-1217,2024-04-20,32.3516,-86.31805,theft
C-1218,2023-04-10,32.37603,-86.31249,theft
C-1219,2024-07-13,32.34666,-86.31849,theft
C-1220,2024-06-25,32.39254,-86.30778,theft
C-1221,2024-07-29,32.35069,-86.29098,theft
C-1222,2024-04-21,32.35782,-86.2509,theft
C-1223,2023-02-24,32.38004,-86.31182,theft
C-1224,2023-12-27,32.32862,-86.29106,theft
C-1225,2024-09-13,32.38931,-86.31123,theft
C-1226,2023-02-18,32.36789,-86.2616,theft
C-1227,2023-12-31,32.38153,-86.29316,theft
C-1228,2024-08-13,32.3586,-86.3089,theft
C-1229,2023-07-20,32.3202,-86.26974,theft
C-1230,2024-06-20,32.3622,-86.29332,theft
C-1231,2023-07-29,32.3822,-86.28219,theft
C-1232,2024-10-18,32.38776,-86.26752,theft
C-1233,2023-03-26,32.35568,-86.31021,theft
C-1234,2024-05-25,32.39828,-86.30297,theft
C-1235,2024-06-26,32.34951,-86.3102,theft
C-1236,2024-11-18,32.36383,-86.30113,theft
C-1237,2023-09-07,32.37169,-86.27599,theft
C-1238,2024-06-29,32.38641,-86.31703,theft
C-1239,2024-10-31,32.37331,-86.25665,theft
C-1240,2023-01-02,32.39684,-86.27762,theft
C-1241,2023-03-31,32.37981,-86.31726,theft
C-1242,2024-07-24,32.39674,-86.30347,theft
C-1243,2024-03-29,32.33799,-86.28447,theft
C-1244,2023-09-07,32.34385,-86.28688,theft
C-1245,2023-12-08,32.39692,-86.28603,theft
C-1246,2023-02-03,32.35535,-86.29978,theft
C-1247,2024-10-10,32.3696,-86.25512,theft
C-1248,2024-12-11,32.39268,-86.25611,theft
C-1249,2023-03-28,32.35474,-86.30306,theft
C-1250,2023-11-29,32.33156,-86.28913,theft
C-1251,2024-11-04,32.36164,-86.28193,theft
C-1252,2023-02-11,32.36066,-86.30128,theft
C-1253,2024-10-02,32.37334,-86.30681,theft
C-1254,2023-07-15,32.39951,-86.31979,theft
C-1255,2024-07-26,32.38324,-86.28936,theft
C-1256,2023-03-06,32.38561,-86.282,theft
C-1257,2023-04-12,32.34573,-86.30642,theft
C-1258,2024-10-20,32.34894,-86.31817,theft
C-1259,2024-11-04,32.32783,-86.31449,theft
C-1260,2023-07-05,32.33517,-86.31854,theft
C-1261,2024-01-15,32.39931,-86.27764,theft
C-1262,2024-11-08,32.33909,-86.28339,theft
C-1263,2024-09-13,32.35882,-86.28821,theft
C-1264,2023-05-20,32.32302,-86.30084,theft
C-1265,2023-01-09,32.35315,-86.31625,theft
C-1266,2024-08-18,32.33427,-86.25754,theft
C-1267,2023-02-02,32.3885,-86.27953,theft
C-1268,2023-02-16,32.37782,-86.29761,theft
C-1269,2023-04-03,32.36274,-86.27834,theft
C-1270,2023-09-07,32.39297,-86.3094,theft
C-1271,2024-10-04,32.38155,-86.30126,theft
C-1272,2023-07-09,32.37001,-86.29196,theft
C-1273,2024-06-01,32.3445,-86.26152,theft
C-1274,2024-03-04,32.36153,-86.27521,theft
C-1275,2024-10-13,32.33116,-86.29495,theft
C-1276,2023-01-12,32.35444,-86.25028,theft
C-1277,2023-01-13,32.36553,-86.29545,theft
C-1278,2024-04-18,32.33591,-86.29466,theft
C-1279,2024-09-01,32.36191,-86.26032,theft
C-1280,2024-05-19,32.3971,-86.3124,theft
C-1281,2024-04-11,32.35595,-86.27161,theft
C-1282,2024-12-31,32.39499,-86.27552,theft
C-1283,2023-11-29,32.34431,-86.31619,theft
C-1284,2023-06-24,32.3777,-86.29673,theft
C-1285,2023-11-02,32.37723,-86.25729,theft
C-1286,2024-06-03,32.34399,-86.30626,theft
C-1287,2024-12-26,32.39814,-86.306,theft
C-1288,2023-03-09,32.35236,-86.27805,theft
C-1289,2023-10-11,32.38864,-86.27193,theft
C-1290,2023-11-06,32.39398,-86.27703,theft
C-1291,2024-07-27,32.35166,-86.26739,theft
C-1292,2023-10-05,32.39259,-86.31545,theft
C-1293,2024-12-02,32.33159,-86.27856,theft
C-1294,2023-04-28,32.34322,-86.28699,theft
C-1295,2023-10-17,32.37723,-86.25883,theft
C-1296,2024-02-06,32.38337,-86.25969,theft
C-1297,2024-09-10,32.364,-86.30298,theft
C-1298,2024-11-23,32.3743,-86.30577,theft
C-1299,2023-06-28,32.33283,-86.30585,theft
C-1300,2024-02-24,32.39327,-86.30766,theft
C-1301,2023-11-01,32.36655,-86.30796,theft
C-1302,2024-01-18,32.34838,-86.2675,theft
C-1303,2023-10-12,32.32111,-86.29476,theft
C-1304,2023-04-25,32.38747,-86.27028,theft
C-1305,2024-09-09,32.35388,-86.31209,theft
C-1306,2024-04-07,32.35967,-86.27278,theft
C-1307,2024-01-22,32.36034,-86.28702,theft
C-1308,2024-02-22,32.36239,-86.29069,theft
C-1309,2023-01-09,32.39156,-86.26085,theft
C-1310,2024-02-13,32.35376,-86.27043,theft
C-1311,2023-04-07,32.36189,-86.30846,theft
C-1312,2023-02-11,32.39429,-86.317,theft
C-1313,2023-12-09,32.39942,-86.27311,theft
C-1314,2023-03-20,32.33548,-86.26937,theft
C-1315,2023-09-28,32.32815,-86.31239,theft
C-1316,2024-10-23,32.36501,-86.2957,theft
C-1317,2023-01-20,32.39626,-86.26642,theft
C-1318,2023-03-22,32.36873,-86.25688,theft
C-1319,2023-02-10,32.34153,-86.29196,theft
C-1320,2024-12-09,32.33757,-86.29575,theft
C-1321,2024-09-12,32.33124,-86.29146,theft
C-1322,2024-05-08,32.34031,-86.31561,theft
C-1323,2024-03-08,32.32181,-86.30918,theft
C-1324,2024-10-20,32.343,-86.26977,theft
C-1325,2023-07-22,32.32482,-86.31684,theft
C-1326,2024-06-25,32.35191,-86.26395,theft
C-1327,2023-06-20,32.35199,-86.30262,theft
C-1328,2024-10-28,32.39844,-86.26104,theft
C-1329,2024-09-09,32.39582,-86.30908,theft
C-1330,2024-08-09,32.32906,-86.27812,theft
C-1331,2024-03-20,32.3461,-86.25522,theft
C-1332,2024-03-10,32.33652,-86.30965,theft
C-1333,2024-09-16,32.34976,-86.27042,theft
C-1334,2023-12-24,32.33801,-86.29174,theft
C-1335,2023-06-25,32.32172,-86.31404,theft
C-1336,2023-12-15,32.37804,-86.2924,theft
C-1337,2024-05-31,32.32322,-86.27547,theft
C-1338,2024-04-11,32.37675,-86.30892,theft
C-1339,2024-04-05,32.38486,-86.26183,theft
C-1340,2023-08-28,32.32651,-86.29246,theft
C-1341,2023-06-12,32.32868,-86.25578,theft
C-1342,2024-04-20,32.36232,-86.26274,theft
C-1343,2023-02-14,32.34176,-86.27837,theft
C-1344,2024-05-21,32.37342,-86.25219,theft
C-1345,2024-03-24,32.38966,-86.26017,theft
C-1346,2024-12-16,32.39957,-86.29083,theft
C-1347,2023-11-25,32.38928,-86.30875,theft
C-1348,2023-06-08,32.3553,-86.30978,theft
C-1349,2024-12-19,32.39969,-86.25192,theft
C-1350,2024-02-26,32.37726,-86.27094,theft
C-1351,2024-06-29,32.39208,-86.25283,theft
C-1352,2024-10-31,32.37159,-86.30262,theft
C-1353,2024-06-09,32.37939,-86.26788,theft
C-1354,2024-08-20,32.33283,-86.26245,theft
C-1355,2023-11-10,32.34141,-86.27909,theft
C-1356,2023-09-19,32.38207,-86.29641,theft
C-1357,2023-08-21,32.33926,-86.29955,theft
C-1358,2024-02-05,32.32728,-86.28796,theft
C-1359,2023-11-15,32.3637,-86.26934,theft
C-1360,2023-06-23,32.33834,-86.26955,theft
C-1361,2023-12-28,32.39706,-86.26639,theft
C-1362,2024-01-28,32.38336,-86.2897,theft
C-1363,2024-09-12,32.34006,-86.25243,theft
C-1364,2024-12-08,32.37735,-86.31422,theft
C-1365,2023-11-18,32.39853,-86.28191,theft
C-1366,2024-09-18,32.34641,-86.25373,theft
C-1367,2023-07-03,32.36552,-86.29149,theft
C-1368,2023-07-13,32.33651,-86.25678,theft
C-1369,2023-11-04,32.32574,-86.29362,theft
C-1370,2023-10-03,32.35223,-86.26835,theft
C-1371,2024-12-28,32.33748,-86.31045,theft
C-1372,2023-07-26,32.34131,-86.28475,theft
C-1373,2023-06-26,32.32219,-86.31332,theft
C-1374,2024-08-19,32.36548,-86.30779,theft
C-1375,2023-05-11,32.3798,-86.2788,theft
C-1376,2023-02-28,32.36985,-86.3067,theft
C-1377,2023-12-26,32.34265,-86.26041,theft
C-1378,2023-08-18,32.3357,-86.2889,theft
C-1379,2023-03-09,32.38593,-86.28754,theft
C-1380,2024-09-16,32.39851,-86.25498,theft
C-1381,2023-12-14,32.38288,-86.27046,theft
C-1382,2024-03-21,32.32485,-86.29321,theft
C-1383,2023-05-17,32.34114,-86.27873,theft
C-1384,2024-05-01,32.36407,-86.27137,theft
C-1385,2023-10-06,32.33005,-86.2992,theft
C-1386,2023-02-15,32.34611,-86.25757,theft
C-1387,2024-08-05,32.33465,-86.2941,theft
C-1388,2023-02-15,32.37399,-86.26804,theft
C-1389,2023-03-09,32.35558,-86.30479,theft
C-1390,2023-11-05,32.33958,-86.27267,theft
C-1391,2023-06-28,32.33152,-86.26889,theft
C-1392,2024-04-04,32.3672,-86.25219,theft
C-1393,2023-08-26,32.36395,-86.30932,theft
C-1394,2024-12-08,32.38157,-86.29605,theft
C-1395,2024-03-29,32.3675,-86.29537,theft
C-1396,2024-03-31,32.37802,-86.26349,theft
C-1397,2024-06-04,32.36504,-86.29578,theft
C-1398,2024-09-11,32.36283,-86.29283,theft
C-1399,2023-10-14,32.38461,-86.31189,theft
C-1400,2023-02-13,32.37045,-86.31381,theft
C-1401,2024-06-05,32.36681,-86.30384,theft
C-1402,2024-03-25,32.37339,-86.31177,theft
C-1403,2023-10-25,32.34985,-86.26057,theft
C-1404,2024-03-31,32.36582,-86.27688,theft
C-1405,2023-05-27,32.32726,-86.30656,theft
C-1406,2023-06-25,32.38026,-86.27222,theft
C-1407,2023-07-22,32.38613,-86.2674,theft
C-1408,2024-08-07,32.32821,-86.28472,theft
C-1409,2023-03-09,32.33221,-86.29041,theft
C-1410,2024-12-26,32.3692,-86.29067,theft
C-1411,2024-04-04,32.34035,-86.28702,theft
C-1412,2024-06-20,32.32555,-86.2616,theft
C-1413,2024-04-06,32.39304,-86.31336,theft
C-1414,2023-10-22,32.3212,-86.31564,theft
C-1415,2023-10-11,32.33552,-86.26862,theft
C-1416,2024-10-23,32.35894,-86.27216,theft
C-1417,2024-06-20,32.37702,-86.26478,theft
C-1418,2024-09-09,32.32987,-86.2734,theft
C-1419,2023-04-08,32.38967,-86.26449,theft
C-1420,2023-07-11,32.35179,-86.28342,theft
C-1421,2024-11-28,32.35892,-86.26311,theft
C-1422,2023-09-05,32.39785,-86.28625,theft
C-1423,2023-04-03,32.36814,-86.266,theft
C-1424,2024-05-24,32.36608,-86.3088,theft
C-1425,2023-08-12,32.35511,-86.26576,theft
C-1426,2024-05-05,32.35024,-86.31575,theft
C-1427,2023-10-27,32.35549,-86.26316,theft
C-1428,2024-11-16,32.34585,-86.25675,theft
C-1429,2023-06-09,32.35466,-86.27787,theft
C-1430,2024-06-29,32.37058,-86.29517,theft
C-1431,2023-02-26,32.3937,-86.25576,theft
C-1432,2024-10-02,32.32886,-86.273,theft
C-1433,2023-09-13,32.34089,-86.26665,theft
C-1434,2023-02-14,32.33306,-86.25493,theft
C-1435,2024-11-11,32.35019,-86.26955,theft
C-1436,2023-08-01,32.38532,-86.25497,theft
C-1437,2024-09-07,32.34966,-86.30449,theft
C-1438,2023-07-30,32.38449,-86.30977,theft
C-1439,2023-11-23,32.39208,-86.31041,theft
C-1440,2023-12-26,32.34547,-86.27281,theft
C-1441,2024-02-21,32.37859,-86.30655,theft
C-1442,2023-07-15,32.33786,-86.28807,theft
C-1443,2023-03-19,32.39811,-86.29625,theft
C-1444,2024-01-31,32.35714,-86.31421,theft
C-1445,2023-04-19,32.38933,-86.31561,theft
C-1446,2023-03-22,32.32076,-86.30849,theft
C-1447,2023-10-19,32.36854,-86.31471,theft
C-1448,2023-03-23,32.37746,-86.28329,theft
C-1449,2023-10-17,32.39947,-86.31748,theft
C-1450,2024-05-30,32.38198,-86.29742,theft
C-1451,2024-07-04,32.39366,-86.30014,theft
C-1452,2023-11-09,32.37892,-86.31241,theft
C-1453,2023-01-07,32.35655,-86.25899,theft
C-1454,2023-03-07,32.33246,-86.31351,theft
C-1455,2024-10-17,32.36781,-86.29927,theft
C-1456,2024-02-12,32.38214,-86.25341,theft
C-1457,2024-01-24,32.37049,-86.26908,theft
C-1458,2024-10-20,32.36933,-86.25847,theft
C-1459,2023-02-17,32.39329,-86.2901,theft
C-1460,2024-06-12,32.38346,-86.31029,theft
C-1461,2024-09-22,32.38172,-86.2955,theft
C-1462,2024-10-16,32.35769,-86.31619,theft
C-1463,2023-11-12,32.38744,-86.30004,theft
C-1464,2024-09-11,32.3244,-86.302,theft
C-1465,2023-07-24,32.39534,-86.25935,theft
C-1466,2023-01-10,32.34722,-86.28079,theft
C-1467,2023-03-30,32.3857,-86.29697,theft
C-1468,2024-05-07,32.39339,-86.25464,theft
C-1469,2024-03-26,32.34048,-86.2733,theft
C-1470,2024-08-29,32.37529,-86.28977,theft
C-1471,2023-01-18,32.32587,-86.28757,theft
C-1472,2023-05-31,32.36754,-86.31609,theft
C-1473,2024-04-09,32.38234,-86.28108,theft
C-1474,2024-09-06,32.35857,-86.31325,theft
C-1475,2024-04-10,32.39845,-86.29155,theft
C-1476,2024-04-17,32.37425,-86.27881,theft
C-1477,2023-09-06,32.33106,-86.27935,theft
C-1478,2024-11-29,32.32349,-86.25739,theft
C-1479,2023-03-16,32.33008,-86.27255,theft
C-1480,2023-05-03,32.33729,-86.29443,theft
C-1481,2023-12-05,32.36104,-86.26888,theft
C-1482,2024-09-30,32.36482,-86.31495,theft
C-1483,2024-05-18,32.35245,-86.2973,theft
C-1484,2023-05-06,32.38859,-86.29222,theft
C-1485,2023-11-21,32.36587,-86.26013,theft
C-1486,2024-06-16,32.3693,-86.25572,theft
C-1487,2023-02-16,32.39543,-86.31317,theft
C-1488,2024-04-15,32.34797,-86.26742,theft
C-1489,2023-05-31,32.36367,-86.26325,theft
C-1490,2023-01-17,32.33601,-86.26275,theft
C-1491,2023-08-14,32.32682,-86.27885,theft
C-1492,2023-07-22,32.35041,-86.26171,theft
C-1493,2023-11-22,32.33109,-86.27484,theft
C-1494,2024-04-17,32.36172,-86.25997,theft
C-1495,2024-09-07,32.37653,-86.27302,theft
C-1496,2023-08-21,32.38887,-86.28432,theft
C-1497,2023-10-13,32.33335,-86.26615,theft
C-1498,2024-10-14,32.36108,-86.27954,theft
C-1499,2024-01-01,32.38377,-86.31456,theft
C-1500,2024-11-18,32.36424,-86.29536,theft
C-1501,2023-09-09,32.33531,-86.28528,theft
C-1502,2024-04-26,32.34275,-86.26736,theft
C-1503,2024-12-24,32.34277,-86.31001,theft
C-1504,2023-12-15,32.39107,-86.31684,theft
C-1505,2024-09-23,32.36908,-86.25405,theft
C-1506,2024-06-20,32.39959,-86.25805,theft
C-1507,2023-03-06,32.33708,-86.25251,theft
C-1508,2024-07-13,32.35094,-86.27837,theft
C-1509,2023-01-30,32.34165,-86.31792,theft
C-1510,2023-05-06,32.35176,-86.26536,theft
C-1511,2023-11-14,32.39866,-86.29873,theft
C-1512,2023-01-17,32.37475,-86.27549,theft
C-1513,2024-02-05,32.34777,-86.30859,theft
C-1514,2024-05-14,32.3275,-86.29861,theft
C-1515,2024-01-13,32.32953,-86.26658,theft
C-1516,2023-11-21,32.36846,-86.30996,theft
C-1517,2023-12-26,32.38508,-86.25362,theft
C-1518,2024-03-22,32.36315,-86.27036,theft
C-1519,2024-09-01,32.35162,-86.28929,theft
C-1520,2023-01-19,32.37838,-86.25892,theft
C-1521,2024-11-08,32.37193,-86.29815,theft
C-1522,2023-08-03,32.38842,-86.26481,theft
C-1523,2023-03-13,32.34435,-86.27353,theft
C-1524,2023-01-19,32.33976,-86.3058,theft
C-1525,2024-10-16,32.3982,-86.26101,theft
C-1526,2024-03-18,32.36735,-86.25594,theft
C-1527,2023-05-23,32.32125,-86.26848,theft
C-1528,2023-05-05,32.36113,-86.27578,theft
C-1529,2024-03-14,32.32088,-86.3108,theft
C-1530,2024-10-26,32.34801,-86.28007,theft
C-1531,2023-10-13,32.35215,-86.27718,theft
C-1532,2023-05-27,32.3398,-86.31597,theft
C-1533,2024-08-16,32.32686,-86.31516,theft
C-1534,2023-09-11,32.38489,-86.30114,theft
C-1535,2024-07-18,32.34916,-86.31755,theft
C-1536,2023-02-21,32.39873,-86.25305,theft
C-1537,2023-03-05,32.37357,-86.27115,theft
C-1538,2023-01-08,32.3692,-86.29861,theft
C-1539,2023-10-27,32.33859,-86.28905,theft
C-1540,2024-01-08,32.36936,-86.25633,theft
C-1541,2024-12-26,32.39217,-86.28914,theft
C-1542,2024-03-27,32.37761,-86.28222,theft
C-1543,2023-01-11,32.38488,-86.27651,theft
C-1544,2024-06-18,32.36539,-86.28154,theft
C-1545,2024-03-09,32.36378,-86.28412,theft
C-1546,2024-02-14,32.35689,-86.30144,theft
C-1547,2023-03-09,32.36933,-86.29923,theft
C-1548,2023-06-13,32.38054,-86.31108,theft
C-1549,2024-12-26,32.32237,-86.2765,theft
C-1550,2023-07-27,32.35479,-86.30615,theft
C-1551,2023-12-06,32.35381,-86.30977,theft
C-1552,2023-12-24,32.37099,-86.26545,theft
C-1553,2023-07-10,32.33573,-86.30709,theft
C-1554,2024-05-08,32.35409,-86.27531,theft
C-1555,2023-10-15,32.38121,-86.26925,theft
C-1556,2023-04-17,32.36289,-86.28501,theft
C-1557,2024-09-04,32.34569,-86.279,theft
C-1558,2023-10-26,32.33226,-86.26718,theft
C-1559,2023-07-16,32.38355,-86.31701,theft
C-1560,2024-03-14,32.32786,-86.26155,theft
C-1561,2024-03-01,32.37333,-86.28229,theft
C-1562,2024-07-18,32.35062,-86.27332,theft
C-1563,2023-09-08,32.37011,-86.30562,theft
C-1564,2023-03-24,32.32421,-86.31037,theft
C-1565,2023-09-11,32.38941,-86.2688,theft
C-1566,2023-10-06,32.38199,-86.25006,theft
C-1567,2024-04-01,32.33733,-86.2635,theft
C-1568,2024-11-29,32.37465,-86.31233,theft
C-1569,2023-06-30,32.38345,-86.27484,theft
C-1570,2023-06-10,32.3638,-86.29365,theft
C-1571,2024-04-12,32.3647,-86.26517,theft
C-1572,2023-05-17,32.36278,-86.30373,theft
C-1573,2023-06-21,32.35854,-86.27449,theft
C-1574,2023-04-07,32.38292,-86.30348,theft
C-1575,2024-12-25,32.34993,-86.28814,theft
C-1576,2023-04-06,32.33015,-86.3032,theft
C-1577,2023-11-12,32.37695,-86.28531,theft
C-1578,2024-10-23,32.39398,-86.25404,theft
C-1579,2023-04-21,32.39901,-86.26578,theft
C-1580,2024-11-13,32.36692,-86.29164,theft
C-1581,2023-05-18,32.32557,-86.29357,theft
C-1582,2023-08-04,32.39574,-86.2579,theft
C-1583,2024-08-07,32.36074,-86.25195,theft
C-1584,2023-03-18,32.36757,-86.25107,theft
C-1585,2023-07-15,32.36495,-86.26713,theft
C-1586,2024-01-10,32.36363,-86.26451,theft
C-1587,2023-10-22,32.35491,-86.28824,theft
C-1588,2024-11-13,32.36518,-86.28303,theft
C-1589,2024-05-12,32.39885,-86.30238,theft
C-1590,2023-11-11,32.32605,-86.28241,theft
C-1591,2023-09-20,32.37101,-86.31654,theft
C-1592,2024-07-28,32.36449,-86.3081,theft
C-1593,2024-09-08,32.34236,-86.25439,theft
C-1594,2023-11-06,32.33797,-86.29628,theft
C-1595,2024-03-07,32.36152,-86.30651,theft
C-1596,2024-12-05,32.34042,-86.25106,theft
C-1597,2024-10-09,32.36521,-86.29341,theft
C-1598,2023-05-01,32.35615,-86.3022,theft
C-1599,2023-08-19,32.3934,-86.3094,theft
C-1600,2024-08-15,32.39897,-86.28162,theft
C-1601,2023-12-02,32.32676,-86.25206,theft
C-1602,2024-07-21,32.32907,-86.30921,theft
C-1603,2024-03-27,32.38842,-86.273,theft
C-1604,2024-08-24,32.3934,-86.30813,theft
C-1605,2024-05-01,32.38271,-86.30041,theft
C-1606,2023-08-15,32.32092,-86.26531,theft
C-1607,2024-09-08,32.37965,-86.25932,theft
C-1608,2023-05-19,32.36758,-86.28956,theft
C-1609,2023-05-25,32.33052,-86.27566,theft
C-1610,2024-02-25,32.35711,-86.27011,theft
C-1611,2023-07-03,32.34867,-86.26379,theft
C-1612,2024-02-08,32.33736,-86.27091,theft
C-1613,2024-07-29,32.37984,-86.26661,theft
C-1614,2023-11-23,32.39961,-86.28156,theft
C-1615,2024-11-08,32.3809,-86.29311,theft
C-1616,2024-07-17,32.3247,-86.2504,theft
C-1617,2023-04-03,32.32254,-86.2882,theft
C-1618,2024-08-02,32.34357,-86.2546,theft
C-1619,2024-02-18,32.39893,-86.30124,theft
C-1620,2024-09-15,32.39106,-86.27365,theft
C-1621,2024-02-28,32.3303,-86.28619,theft
C-1622,2024-05-03,32.36328,-86.28331,theft
C-1623,2023-07-29,32.36902,-86.28136,theft
C-1624,2023-08-06,32.39968,-86.30932,theft
C-1625,2024-07-02,32.39434,-86.25532,theft
C-1626,2023-06-13,32.32215,-86.29911,theft
C-1627,2023-01-20,32.3898,-86.27335,theft
C-1628,2023-02-21,32.3628,-86.25554,theft
C-1629,2024-05-25,32.34536,-86.28321,theft
C-1630,2024-08-10,32.36843,-86.26004,theft
C-1631,2023-04-12,32.32926,-86.25001,theft
C-1632,2023-10-07,32.39224,-86.26777,theft
C-1633,2023-10-11,32.34927,-86.29395,theft
C-1634,2024-07-24,32.35348,-86.25075,theft
C-1635,2024-12-30,32.34055,-86.31608,theft
C-1636,2024-09-06,32.33918,-86.26492,theft
C-1637,2024-12-08,32.37812,-86.3034,theft
C-1638,2024-11-11,32.32345,-86.29176,theft
C-1639,2024-03-11,32.36983,-86.29812,theft
C-1640,2023-10-22,32.38407,-86.30069,theft
C-1641,2024-02-18,32.36868,-86.28901,theft
C-1642,2024-02-16,32.39085,-86.28839,theft
C-1643,2024-04-30,32.36927,-86.28828,theft
C-1644,2024-06-05,32.39675,-86.26231,theft
C-1645,2024-12-21,32.36761,-86.30223,theft
C-1646,2024-05-25,32.32838,-86.3147,theft
C-1647,2024-02-28,32.36119,-86.27268,theft
C-1648,2024-01-15,32.34548,-86.30722,theft
C-1649,2023-09-01,32.36746,-86.30421,theft
C-1650,2023-10-15,32.35093,-86.28546,theft
C-1651,2024-03-10,32.33519,-86.29571,theft
C-1652,2024-09-12,32.32761,-86.28596,theft
C-1653,2023-05-20,32.35406,-86.26518,theft
C-1654,2023-11-22,32.37228,-86.27597,theft
C-1655,2023-04-25,32.3479,-86.27832,theft
C-1656,2024-03-19,32.34148,-86.3147,theft
C-1657,2023-11-26,32.33125,-86.28292,theft
C-1658,2024-08-09,32.36722,-86.27109,theft
C-1659,2023-05-08,32.39278,-86.29333,theft
C-1660,2024-01-29,32.37563,-86.2882,theft
C-1661,2024-08-25,32.33455,-86.30402,theft
C-1662,2023-02-28,32.3565,-86.26245,theft
C-1663,2023-09-03,32.3252,-86.31647,theft
C-1664,2024-02-02,32.32192,-86.25649,theft
C-1665,2023-08-17,32.38461,-86.28769,theft
C-1666,2023-11-18,32.32412,-86.26588,theft
C-1667,2023-09-06,32.39686,-86.27806,theft
C-1668,2023-05-01,32.35348,-86.26202,theft
C-1669,2023-12-04,32.34539,-86.26472,theft
C-1670,2023-07-24,32.38257,-86.29436,theft
C-1671,2023-04-27,32.38529,-86.31111,theft
C-1672,2024-01-18,32.39536,-86.31459,theft
C-1673,2024-12-14,32.35258,-86.27603,theft
C-1674,2024-09-07,32.39167,-86.27304,theft
C-1675,2023-05-17,32.33043,-86.25593,theft
C-1676,2023-09-12,32.38509,-86.2613,theft
C-1677,2024-06-13,32.35013,-86.27633,theft
C-1678,2023-09-04,32.34347,-86.25808,theft
C-1679,2023-10-05,32.34815,-86.2843,theft
C-1680,2024-09-03,32.38639,-86.27381,theft
C-1681,2023-07-10,32.34049,-86.27739,theft
C-1682,2023-04-10,32.39411,-86.29431,theft
C-1683,2024-10-23,32.34146,-86.2682,theft
C-1684,2023-03-01,32.33606,-86.27234,theft
C-1685,2024-12-19,32.36489,-86.28462,theft
C-1686,2024-09-27,32.32169,-86.26447,theft
C-1687,2024-01-28,32.39834,-86.31739,theft
C-1688,2023-11-26,32.39928,-86.31465,theft
C-1689,2023-01-20,32.3318,-86.25966,theft
C-1690,2023-12-05,32.33433,-86.2901,theft
C-1691,2023-05-07,32.34529,-86.25889,theft
C-1692,2023-03-26,32.3595,-86.3153,theft
C-1693,2024-09-01,32.38063,-86.25081,theft
C-1694,2023-11-20,32.35893,-86.29224,theft
C-1695,2024-07-31,32.34033,-86.26056,theft
C-1696,2024-12-15,32.39892,-86.25125,theft
C-1697,2024-08-26,32.331,-86.25939,theft
C-1698,2024-01-29,32.37946,-86.25492,theft
C-1699,2024-05-17,32.34059,-86.27218,theft
C-1700,2023-04-19,32.39782,-86.30475,theft
C-1701,2024-03-25,32.33128,-86.30438,theft
C-1702,2023-12-14,32.3392,-86.31681,theft
C-1703,2023-09-15,32.34962,-86.28229,theft
C-1704,2024-10-16,32.32688,-86.28716,theft
C-1705,2024-02-29,32.36337,-86.29937,theft
C-1706,2024-09-18,32.33629,-86.28934,theft
C-1707,2024-04-12,32.32814,-86.26602,theft
C-1708,2024-11-30,32.34565,-86.25997,theft
C-1709,2024-05-18,32.3263,-86.31879,theft
C-1710,2024-11-30,32.36712,-86.2693,theft
C-1711,2024-07-08,32.36396,-86.28951,theft
C-1712,2024-08-30,32.39655,-86.30756,theft
C-1713,2023-08-29,32.33883,-86.30976,theft
C-1714,2023-11-29,32.39205,-86.2987,theft
C-1715,2024-02-10,32.33573,-86.25216,theft
C-1716,2024-03-21,32.36369,-86.26859,theft
C-1717,2023-11-24,32.395,-86.26532,theft
C-1718,2023-11-14,32.36602,-86.2689,theft
C-1719,2023-11-21,32.32008,-86.28048,theft
C-1720,2024-08-30,32.38848,-86.25582,theft
C-1721,2023-02-25,32.32976,-86.25192,theft
C-1722,2023-03-25,32.37609,-86.30666,theft
C-1723,2024-03-24,32.33506,-86.25268,theft
C-1724,2023-08-12,32.37411,-86.26576,theft
C-1725,2023-01-30,32.37433,-86.3162,theft
C-1726,2023-04-11,32.38494,-86.25602,theft
C-1727,2023-04-28,32.34328,-86.30175,theft
C-1728,2023-03-05,32.37221,-86.2915,theft
C-1729,2024-06-10,32.3899,-86.26106,theft
C-1730,2024-09-17,32.34294,-86.31329,theft
C-1731,2023-12-24,32.32654,-86.30668,theft
C-1732,2023-10-15,32.37859,-86.30551,theft
C-1733,2023-08-25,32.36196,-86.28204,theft
C-1734,2023-11-05,32.3685,-86.28493,theft
C-1735,2023-04-21,32.33351,-86.29549,theft
C-1736,2024-06-07,32.36212,-86.2764,theft
C-1737,2024-04-19,32.37916,-86.28184,theft
C-1738,2023-09-03,32.32535,-86.27748,theft
C-1739,2023-11-08,32.32123,-86.25809,theft
C-1740,2024-06-26,32.34814,-86.27646,theft
C-1741,2024-03-28,32.32399,-86.27626,theft
C-1742,2024-08-31,32.3355,-86.28794,theft
C-1743,2024-03-17,32.33049,-86.25538,theft
C-1744,2024-08-22,32.33071,-86.27845,theft
C-1745,2024-11-07,32.39633,-86.30162,theft
C-1746,2023-08-02,32.36662,-86.26145,theft
C-1747,2023-05-09,32.34749,-86.29865,theft
C-1748,2023-09-18,32.32097,-86.30203,theft
C-1749,2023-11-26,32.32781,-86.31523,theft
C-1750,2023-12-15,32.34596,-86.3145,theft
C-1751,2024-11-13,32.36544,-86.25291,theft
C-1752,2024-02-27,32.38203,-86.28306,theft
C-1753,2023-07-03,32.39349,-86.27849,theft
C-1754,2024-03-15,32.34372,-86.29894,theft
C-1755,2023-09-10,32.3474,-86.28796,theft
C-1756,2024-05-12,32.36253,-86.26482,theft
C-1757,2023-07-24,32.33692,-86.25448,theft
C-1758,2023-09-03,32.35581,-86.30834,theft
C-1759,2023-09-29,32.3421,-86.28003,theft
C-1760,2023-11-17,32.33575,-86.26821,theft
C-1761,2023-11-05,32.36042,-86.31428,theft
C-1762,2023-12-22,32.32932,-86.27244,theft
C-1763,2024-01-21,32.37297,-86.25013,theft
C-1764,2024-04-15,32.35008,-86.27528,theft
C-1765,2023-03-17,32.35617,-86.27857,theft
C-1766,2024-09-24,32.35489,-86.31794,theft
C-1767,2023-06-11,32.37837,-86.27848,theft
C-1768,2024-02-16,32.32635,-86.31654,theft
C-1769,2023-06-30,32.3737,-86.26205,theft
C-1770,2023-07-08,32.37265,-86.26065,theft
C-1771,2023-08-08,32.33279,-86.29685,theft
C-1772,2024-11-24,32.33607,-86.31487,theft
C-1773,2024-06-04,32.36696,-86.29358,theft
C-1774,2024-04-11,32.37924,-86.25762,theft
C-1775,2024-10-30,32.36158,-86.29891,theft
C-1776,2023-01-15,32.36986,-86.25586,theft
C-1777,2024-06-27,32.38834,-86.29741,theft
C-1778,2023-04-16,32.38477,-86.28606,theft
C-1779,2023-11-15,32.36189,-86.31266,theft
C-1780,2023-09-16,32.39367,-86.31184,theft
C-1781,2023-09-07,32.3267,-86.30494,theft
C-1782,2023-06-09,32.38085,-86.29819,theft
C-1783,2024-03-17,32.37676,-86.25329,theft
C-1784,2024-06-05,32.39059,-86.276,theft
C-1785,2023-05-14,32.35775,-86.27389,theft
C-1786,2024-05-24,32.3959,-86.28401,theft
C-1787,2024-01-08,32.35285,-86.30407,theft
C-1788,2024-12-19,32.33041,-86.29254,theft
C-1789,2023-03-08,32.32489,-86.3133,theft
C-1790,2024-03-29,32.38476,-86.29858,theft
C-1791,2023-05-27,32.39794,-86.31555,theft
C-1792,2024-01-21,32.38988,-86.31104,theft
C-1793,2023-02-19,32.37595,-86.28887,theft
C-1794,2024-08-06,32.32356,-86.29701,theft
C-1795,2023-08-14,32.39254,-86.25514,theft
C-1796,2024-01-16,32.39882,-86.31133,theft
C-1797,2024-01-27,32.33257,-86.28548,theft
C-1798,2023-08-03,32.33498,-86.26284,theft
C-1799,2024-04-16,32.38279,-86.28685,theft
C-1800,2024-07-21,32.36803,-86.28353,theft
C-1801,2023-09-18,32.33307,-86.29218,theft
C-1802,2024-02-25,32.37057,-86.31133,theft
C-1803,2024-09-30,32.3684,-86.25949,theft
C-1804,2024-01-19,32.35474,-86.26883,theft
C-1805,2024-07-08,32.35381,-86.30722,theft
C-1806,2023-04-17,32.39245,-86.26731,theft
C-1807,2024-08-17,32.38979,-86.28146,theft
C-1808,2024-12-26,32.33743,-86.29468,theft
C-1809,2024-04-11,32.38076,-86.2512,theft
C-1810,2023-03-22,32.38847,-86.26828,theft
C-1811,2024-12-20,32.39902,-86.30162,theft
C-1812,2024-03-04,32.37051,-86.28842,theft
C-1813,2024-12-02,32.34319,-86.25712,theft
C-1814,2024-07-26,32.37002,-86.31008,theft
C-1815,2024-11-08,32.35902,-86.27167,theft
C-1816,2024-12-18,32.33864,-86.2545,theft
C-1817,2024-05-19,32.3823,-86.28417,theft
C-1818,2023-11-06,32.35865,-86.25142,theft
C-1819,2023-10-16,32.38351,-86.30042,theft
C-1820,2023-01-22,32.38373,-86.26191,theft
C-1821,2024-10-03,32.3769,-86.2631,theft
C-1822,2023-06-30,32.35529,-86.30166,theft
C-1823,2023-12-12,32.33621,-86.29604,theft
C-1824,2023-10-19,32.33371,-86.28115,theft
C-1825,2024-11-20,32.33769,-86.29768,theft
C-1826,2024-05-24,32.39529,-86.30613,theft
C-1827,2024-03-08,32.37126,-86.25708,theft
C-1828,2023-08-13,32.35044,-86.27901,theft
C-1829,2024-07-17,32.35663,-86.27008,theft
C-1830,2023-01-15,32.3361,-86.30766,theft
C-1831,2023-12-07,32.37642,-86.30846,theft
C-1832,2024-07-16,32.33171,-86.2829,theft
C-1833,2024-01-06,32.38405,-86.25217,theft
C-1834,2024-02-19,32.39319,-86.28112,theft
C-1835,2023-07-05,32.32514,-86.27791,theft
C-1836,2023-12-11,32.39205,-86.29924,theft
C-1837,2024-06-20,32.34577,-86.274,theft
C-1838,2023-07-14,32.36762,-86.29032,theft
C-1839,2023-11-13,32.36903,-86.27537,theft
C-1840,2024-06-10,32.35733,-86.31078,theft
C-1841,2024-05-08,32.39482,-86.30388,theft
C-1842,2024-02-03,32.33648,-86.26473,theft
C-1843,2024-04-14,32.32012,-86.2601,theft
C-1844,2024-06-21,32.35699,-86.26469,theft
C-1845,2024-11-18,32.3588,-86.28875,theft
C-1846,2024-05-27,32.32542,-86.30946,theft
C-1847,2024-05-30,32.34713,-86.3038,theft
C-1848,2023-02-20,32.35336,-86.29104,theft
C-1849,2024-07-27,32.39845,-86.25821,theft
C-1850,2024-10-18,32.34234,-86.30568,theft
C-1851,2024-08-25,32.33821,-86.31355,theft
C-1852,2024-07-16,32.37213,-86.25562,theft
C-1853,2023-06-29,32.36775,-86.30203,theft
C-1854,2023-06-15,32.39406,-86.28225,theft
C-1855,2024-03-29,32.34667,-86.29991,theft
C-1856,2024-05-31,32.35343,-86.2878,theft
C-1857,2023-10-02,32.37867,-86.28511,theft
C-1858,2023-11-05,32.35937,-86.28188,theft
C-1859,2023-04-05,32.33867,-86.27203,theft
C-1860,2024-05-25,32.37224,-86.28192,theft
C-1861,2023-05-24,32.37019,-86.2976,theft
C-1862,2023-09-30,32.33993,-86.30942,theft
C-1863,2024-12-23,32.34045,-86.25577,theft
C-1864,2023-08-19,32.33798,-86.2768,theft
C-1865,2023-02-09,32.33098,-86.26715,theft
C-1866,2024-05-13,32.33015,-86.31351,theft
C-1867,2024-02-11,32.38546,-86.27581,theft
C-1868,2024-03-30,32.36429,-86.31527,theft
C-1869,2023-08-14,32.3324,-86.30561,theft
C-1870,2024-08-29,32.35941,-86.29225,theft
C-1871,2023-07-03,32.35862,-86.25281,theft
C-1872,2023-01-25,32.36799,-86.29617,theft
C-1873,2023-04-22,32.32213,-86.26931,theft
C-1874,2023-10-19,32.3999,-86.29123,theft
C-1875,2024-01-05,32.35749,-86.31008,theft
C-1876,2023-06-03,32.32734,-86.26336,theft
C-1877,2024-07-20,32.32766,-86.28462,theft
C-1878,2023-11-02,32.3581,-86.2731,theft
C-1879,2023-04-23,32.34554,-86.30919,theft
C-1880,2024-02-13,32.32047,-86.27673,theft
C-1881,2024-03-22,32.3296,-86.28522,theft
C-1882,2024-06-27,32.38633,-86.27293,theft
C-1883,2024-02-22,32.39706,-86.31763,theft
C-1884,2023-01-19,32.38788,-86.31637,theft
C-1885,2023-06-17,32.36043,-86.25032,theft
C-1886,2024-09-25,32.32114,-86.30836,theft
C-1887,2024-07-18,32.3809,-86.28529,theft
C-1888,2024-07-15,32.37559,-86.26934,theft
C-1889,2024-05-01,32.39279,-86.31257,theft
C-1890,2024-12-08,32.39895,-86.28593,theft
C-1891,2024-08-21,32.3636,-86.27013,theft
C-1892,2023-03-15,32.36721,-86.30989,theft
C-1893,2024-08-09,32.34333,-86.30736,theft
C-1894,2024-12-29,32.36189,-86.29812,theft
C-1895,2024-07-15,32.33577,-86.28101,theft
C-1896,2024-05-25,32.36679,-86.29532,theft
C-1897,2024-03-06,32.3999,-86.28496,theft
C-1898,2024-10-30,32.39046,-86.25433,theft
C-1899,2024-08-31,32.373,-86.31946,theft
C-1900,2023-02-26,32.328,-86.26112,theft
C-1901,2023-11-11,32.37687,-86.3012,theft
C-1902,2023-06-21,32.38685,-86.30594,theft
C-1903,2024-04-27,32.38503,-86.2535,theft
C-1904,2024-01-06,32.35289,-86.31078,theft
C-1905,2023-10-04,32.38654,-86.28118,theft
C-1906,2024-11-23,32.32041,-86.31478,theft
C-1907,2024-04-11,32.36743,-86.31047,theft
C-1908,2023-06-26,32.3452,-86.28641,theft
C-1909,2024-03-21,32.38288,-86.30517,theft
C-1910,2023-12-10,32.35748,-86.2502,theft
C-1911,2023-07-04,32.35112,-86.2679,theft
C-1912,2024-08-05,32.35316,-86.27085,theft
C-1913,2023-10-23,32.34446,-86.26138,theft
C-1914,2023-12-21,32.37456,-86.25777,theft
C-1915,2024-05-04,32.35459,-86.3198,theft
C-1916,2024-03-21,32.38279,-86.28422,theft
C-1917,2024-01-21,32.3949,-86.27594,theft
C-1918,2024-07-17,32.37304,-86.28923,theft
C-1919,2024-02-23,32.34108,-86.31702,theft
C-1920,2023-02-19,32.3837,-86.27269,theft
C-1921,2023-01-01,32.33947,-86.29365,theft
C-1922,2024-10-23,32.36322,-86.28771,theft
C-1923,2023-07-14,32.37154,-86.25948,theft
C-1924,2024-09-19,32.34115,-86.27011,theft
C-1925,2024-02-02,32.34615,-86.25788,theft
C-1926,2023-01-10,32.36809,-86.29998,theft
C-1927,2024-06-19,32.34052,-86.29871,theft
C-1928,2023-04-09,32.38087,-86.27911,theft
C-1929,2023-09-05,32.33304,-86.30445,theft
C-1930,2024-05-22,32.33967,-86.30426,theft
C-1931,2024-12-28,32.36788,-86.29249,theft
C-1932,2024-08-04,32.32061,-86.31557,theft
C-1933,2024-09-17,32.32874,-86.31639,theft
C-1934,2024-06-21,32.32162,-86.30904,theft
C-1935,2024-06-02,32.38127,-86.30381,theft
C-1936,2024-09-18,32.36691,-86.31134,theft
C-1937,2023-03-26,32.38346,-86.2551,theft
C-1938,2023-08-17,32.37549,-86.28012,theft
C-1939,2024-07-23,32.3222,-86.28226,theft
C-1940,2024-09-04,32.37069,-86.28709,theft
C-1941,2024-08-27,32.3672,-86.26825,theft
C-1942,2023-01-13,32.34552,-86.31613,theft
C-1943,2024-08-10,32.39156,-86.26614,theft
C-1944,2024-12-31,32.38038,-86.28597,theft
C-1945,2024-10-04,32.38819,-86.29944,theft
C-1946,2023-03-15,32.36809,-86.27475,theft
C-1947,2023-01-06,32.35511,-86.29721,theft
C-1948,2024-12-14,32.33414,-86.31798,theft
C-1949,2023-11-22,32.33565,-86.30626,theft
C-1950,2024-04-09,32.3646,-86.30602,theft
C-1951,2024-03-26,32.38713,-86.30188,theft
C-1952,2023-04-14,32.39482,-86.29246,theft
C-1953,2023-09-22,32.34563,-86.27997,theft
C-1954,2023-11-12,32.36184,-86.25451,theft
C-1955,2024-07-30,32.32493,-86.2733,theft
C-1956,2024-09-29,32.33574,-86.28348,theft
C-1957,2023-10-25,32.33169,-86.25167,theft
C-1958,2024-12-25,32.36131,-86.28678,theft
C-1959,2024-11-05,32.33894,-86.30173,theft
C-1960,2023-06-24,32.34085,-86.31763,theft
C-1961,2023-05-21,32.32935,-86.29789,theft
C-1962,2024-02-28,32.35556,-86.26153,theft
C-1963,2023-09-25,32.32452,-86.25483,theft
C-1964,2023-04-08,32.38155,-86.30922,theft
C-1965,2023-08-27,32.3984,-86.2716,theft
C-1966,2023-09-25,32.37611,-86.27411,theft
C-1967,2023-11-08,32.33018,-86.28304,theft
C-1968,2023-04-03,32.34454,-86.29174,theft
C-1969,2023-03-02,32.34536,-86.26939,theft
C-1970,2023-08-08,32.34043,-86.29927,theft
C-1971,2023-11-05,32.37616,-86.25051,theft
C-1972,2023-06-24,32.32289,-86.30847,theft
C-1973,2023-08-31,32.39964,-86.3041,theft
C-1974,2023-05-10,32.3381,-86.29788,theft
C-1975,2024-01-28,32.34428,-86.26648,theft
C-1976,2023-10-15,32.33489,-86.28951,theft
C-1977,2024-11-13,32.35388,-86.25149,theft
C-1978,2024-06-28,32.34669,-86.25793,theft
C-1979,2023-09-17,32.3712,-86.29242,theft
C-1980,2023-11-24,32.39881,-86.30866,theft
C-1981,2024-07-01,32.38858,-86.31653,theft
C-1982,2023-08-14,32.32265,-86.29749,theft
C-1983,2024-08-07,32.37482,-86.28382,theft
C-1984,2024-02-04,32.35557,-86.2963,theft
C-1985,2024-08-06,32.36985,-86.26121,theft
C-1986,2024-03-15,32.39849,-86.30786,theft
C-1987,2023-10-08,32.35277,-86.30442,theft
C-1988,2024-12-31,32.38613,-86.27323,theft
C-1989,2023-02-12,32.3376,-86.31967,theft
C-1990,2024-10-03,32.39054,-86.25155,theft
C-1991,2023-01-16,32.33566,-86.27459,theft
C-1992,2024-02-08,32.34889,-86.29361,theft
C-1993,2024-04-07,32.36584,-86.25035,theft
C-1994,2024-01-17,32.3494,-86.29096,theft
C-1995,2024-11-10,32.3771,-86.29046,theft
C-1996,2023-01-25,32.38087,-86.26982,theft
C-1997,2024-07-22,32.37337,-86.25757,theft
C-1998,2023-06-10,32.341,-86.28453,theft
C-1999,2024-06-09,32.34077,-86.30631,theft
